,0,1,2
0,1,42,122
1,1,5,317
2,1,6,36
3,1,128,1
4,1,329,1
5,1,19,3
6,1,104,1
7,1,453,1
8,1,414,1
9,1,185,1
10,1,571,1
11,1,452,1
12,1,27,1
13,1,438,1
14,2,21,1
15,2,298,1
16,3,42,1
17,4,292,1
18,4,32,1
19,4,160,2
20,4,6,1
21,4,353,1
22,4,372,1
23,4,132,2
24,4,10,1
25,4,57,1
26,4,19,4
27,4,602,1
28,4,500,1
29,4,198,1
30,4,28,2
31,4,27,1
32,4,11,1
33,4,39,1
34,4,391,1
35,4,603,1
36,4,70,1
37,4,156,1
38,4,216,2
39,4,217,1
40,4,312,1
41,4,308,1
42,4,33,1
43,4,105,1
44,4,59,1
45,4,75,1
46,4,587,1
47,4,202,1
48,4,21,1
49,4,414,1
50,4,342,1
51,4,367,1
52,4,410,1
53,4,474,3
54,4,195,1
55,4,453,1
56,4,387,1
57,4,517,1
58,4,135,1
59,5,19,317
60,5,38,1
61,5,37,1
62,5,117,1
63,5,8,10
64,6,14,466
65,6,8,394
66,6,274,7
67,6,19,8
68,6,567,1
69,6,181,4
70,6,44,2
71,6,104,1
72,6,89,1
73,6,32,163
74,6,179,1
75,6,11,2
76,6,91,1
77,6,602,1
78,6,84,4
79,6,414,2
80,6,54,1
81,6,28,1
82,6,546,1
83,6,18,36
84,6,31,23
85,6,429,2
86,6,33,2
87,6,99,1
88,6,380,2
89,6,314,1
90,6,109,1
91,6,42,1
92,6,9,1
93,6,349,1
94,6,160,1
95,6,140,1
96,6,436,2
97,6,108,1
98,6,217,1
99,6,117,2
100,6,57,2
101,6,36,1
102,6,604,1
103,6,501,1
104,6,64,1
105,6,284,1
106,6,603,1
107,6,492,1
108,6,234,1
109,6,458,1
110,6,93,1
111,7,296,1
112,7,111,1
113,7,18,1
114,7,19,1
115,7,101,1
116,7,182,1
117,7,226,1
118,7,132,1
119,7,139,1
120,7,605,1
121,7,380,1
122,7,75,1
123,7,480,1
124,8,27,390
125,8,19,1
126,8,91,1
127,8,32,10
128,8,35,4
129,9,314,1
130,9,84,1
131,9,57,1
132,9,603,1
133,9,28,1
134,9,199,1
135,9,346,1
136,9,312,1
137,9,448,1
138,9,606,1
139,9,74,1
140,10,126,1
141,10,125,2
142,10,19,1
143,10,115,1
144,10,139,1
145,10,111,1
146,10,21,1
147,10,305,1
148,10,140,1
149,10,159,1
150,10,47,1
151,10,82,1
152,10,68,2
153,10,153,1
154,10,177,2
155,10,105,1
156,10,143,1
157,10,232,1
158,10,339,1
159,10,517,1
160,11,26,1
161,11,307,1
162,11,266,1
163,11,34,1
164,11,91,1
165,13,603,1
166,13,42,1
167,13,307,1
168,13,19,1
169,13,140,1
170,13,91,1
171,14,84,195
172,14,18,269
173,14,58,1
174,14,38,1
175,14,42,12
176,14,81,1
177,14,414,1
178,14,132,1
179,14,270,1
180,15,21,1
181,15,57,2
182,15,136,1
183,15,50,2
184,15,153,1
185,15,28,1
186,15,125,1
187,15,148,1
188,15,445,1
189,15,323,1
190,15,68,1
191,15,247,1
192,15,339,1
193,15,272,1
194,15,328,1
195,15,111,1
196,15,98,1
197,16,202,2
198,16,82,1
199,16,22,1
200,16,18,1
201,16,156,1
202,16,41,1
203,17,91,1
204,18,19,430
205,18,23,36
206,18,248,1
207,18,105,3
208,18,41,1
209,18,318,1
210,18,165,1
211,18,125,3
212,18,232,1
213,18,63,1
214,18,560,1
215,18,89,1
216,18,187,1
217,18,352,1
218,18,298,1
219,18,480,1
220,18,62,2
221,18,68,1
222,18,137,1
223,18,111,2
224,18,132,1
225,18,380,2
226,18,74,1
227,18,249,1
228,18,317,2
229,18,606,1
230,18,405,1
231,18,29,1
232,18,414,1
233,18,21,1
234,18,212,1
235,18,274,1
236,18,462,1
237,18,34,1
238,18,210,1
239,19,32,376
240,19,44,4
241,19,328,2
242,19,314,1
243,19,45,321
244,19,262,1
245,19,113,2
246,19,91,4
247,19,84,4
248,19,508,1
249,19,20,161
250,19,42,7
251,19,68,14
252,19,181,2
253,19,40,2
254,19,414,17
255,19,416,1
256,19,99,1
257,19,136,2
258,19,294,11
259,19,391,2
260,19,217,15
261,19,41,1
262,19,228,1
263,19,571,3
264,19,290,3
265,19,109,1
266,19,57,12
267,19,76,2
268,19,33,2
269,19,270,1
270,19,102,1
271,19,600,2
272,19,555,4
273,19,115,3
274,19,372,1
275,19,307,4
276,19,453,2
277,19,219,1
278,19,599,2
279,19,89,1
280,19,156,5
281,19,117,1
282,19,153,1
283,19,395,1
284,19,288,18
285,19,385,2
286,19,220,1
287,19,200,1
288,19,469,2
289,19,27,4
290,19,132,2
291,19,36,2
292,19,207,1
293,19,160,10
294,19,63,3
295,19,380,2
296,19,51,3
297,19,225,1
298,19,412,2
299,19,298,1
300,19,66,1
301,19,268,3
302,19,143,1
303,19,292,2
304,19,274,4
305,19,448,1
306,19,186,1
307,19,509,1
308,19,202,1
309,19,87,1
310,19,474,2
311,19,263,1
312,19,226,1
313,19,135,4
314,19,198,1
315,19,479,1
316,19,368,7
317,19,265,2
318,19,28,1
319,19,608,1
320,19,104,1
321,19,140,1
322,19,177,1
323,19,382,1
324,19,182,1
325,19,315,1
326,19,342,1
327,19,127,1
328,19,39,1
329,19,199,2
330,19,137,1
331,19,55,1
332,19,266,1
333,19,75,1
334,19,438,1
335,19,387,1
336,19,146,1
337,19,97,1
338,19,59,1
339,19,392,1
340,19,367,1
341,19,275,1
342,19,195,1
343,20,82,160
344,20,304,2
345,20,135,1
346,20,274,1
347,20,197,1
348,20,414,2
349,20,57,1
350,20,108,1
351,20,517,1
352,20,131,1
353,20,600,1
354,20,182,1
355,20,140,1
356,20,563,1
357,20,448,1
358,20,195,1
359,20,480,1
360,20,111,1
361,20,89,1
362,20,132,1
363,20,263,1
364,20,139,1
365,20,95,1
366,20,177,1
367,20,68,1
368,20,156,1
369,21,94,1
370,21,294,1
371,21,75,1
372,21,182,1
373,21,313,1
374,21,153,1
375,21,448,2
376,21,47,1
377,21,111,2
378,21,23,2
379,21,474,1
380,21,73,1
381,21,551,1
382,21,380,2
383,21,352,1
384,21,49,1
385,21,298,1
386,21,104,1
387,21,306,1
388,21,41,1
389,21,590,1
390,21,258,1
391,21,184,1
392,21,143,1
393,21,105,1
394,21,365,2
395,21,231,1
396,21,586,1
397,21,305,1
398,21,24,1
399,21,382,1
400,21,76,1
401,21,114,1
402,21,68,2
403,21,489,1
404,21,248,1
405,21,212,1
406,21,89,1
407,21,563,1
408,21,537,1
409,21,534,1
410,21,279,1
411,22,232,1
412,22,57,2
413,22,52,1
414,22,140,1
415,22,68,1
416,22,182,1
417,22,522,1
418,22,28,1
419,22,159,1
420,22,528,1
421,22,143,1
422,22,153,1
423,23,132,1
424,23,45,36
425,23,84,1
426,23,290,1
427,23,149,1
428,23,312,1
429,23,60,1
430,23,156,2
431,23,600,1
432,23,32,1
433,23,41,1
434,23,140,1
435,23,27,1
436,23,178,1
437,23,274,1
438,23,83,1
439,23,100,1
440,23,380,1
441,23,599,1
442,23,187,1
443,23,182,1
444,23,28,1
445,24,199,1
446,24,68,4
447,24,298,1
448,24,28,2
449,24,47,1
450,24,111,2
451,24,41,1
452,25,62,1
453,25,98,1
454,26,46,1
455,27,62,390
456,27,32,269
457,27,40,1
458,27,590,1
459,27,414,1
460,27,160,1
461,27,76,1
462,27,156,1
463,27,82,1
464,27,39,1
465,27,294,1
466,27,274,1
467,27,217,3
468,27,219,1
469,27,198,1
470,27,226,1
471,27,57,1
472,27,230,1
473,27,199,1
474,27,79,1
475,27,577,1
476,27,474,1
477,27,202,1
478,27,368,1
479,27,42,1
480,27,140,1
481,27,91,1
482,28,58,1
483,28,109,1
484,28,126,1
485,28,599,4
486,28,391,1
487,28,298,3
488,28,474,3
489,28,414,4
490,28,160,3
491,28,62,1
492,28,517,2
493,28,307,2
494,28,42,1
495,28,84,1
496,28,387,3
497,28,140,7
498,28,217,1
499,28,57,2
500,28,85,1
501,28,325,1
502,28,68,10
503,28,91,1
504,28,268,1
505,28,361,1
506,28,290,1
507,28,249,3
508,28,157,1
509,28,131,1
510,28,288,3
511,28,199,2
512,28,232,2
513,28,45,1
514,28,246,2
515,28,448,3
516,28,275,1
517,28,83,2
518,28,419,1
519,28,36,1
520,28,139,2
521,28,76,3
522,28,73,1
523,28,146,1
524,28,177,1
525,28,41,1
526,28,377,1
527,28,292,1
528,28,103,1
529,28,274,3
530,28,182,1
531,28,328,1
532,28,254,1
533,28,200,1
534,28,52,1
535,28,525,1
536,28,403,1
537,28,590,1
538,28,380,1
539,28,305,1
540,28,47,1
541,28,105,1
542,28,220,1
543,29,57,1
544,29,45,1
545,29,274,1
546,29,346,1
547,30,62,1
548,31,43,13
549,31,45,22
550,31,32,23
551,31,288,1
552,31,234,1
553,32,44,116
554,32,33,280
555,32,46,269
556,32,57,2
557,32,40,160
558,32,191,1
559,32,51,23
560,32,91,1
561,32,217,1
562,32,68,1
563,32,350,1
564,32,84,1
565,32,547,1
566,33,177,2
567,33,373,1
568,33,44,270
569,33,84,2
570,33,202,2
571,33,91,2
572,33,109,1
573,33,474,3
574,33,40,10
575,33,116,1
576,33,195,1
577,33,188,1
578,33,414,1
579,33,68,1
580,33,275,1
581,33,387,1
582,33,606,1
583,33,182,1
584,33,163,1
585,33,144,1
586,33,45,1
587,33,290,1
588,33,198,1
589,33,597,1
590,33,412,1
591,34,187,1
592,34,85,1
593,34,307,1
594,34,274,1
595,34,89,1
596,34,50,1
597,34,167,1
598,34,83,1
599,34,292,1
600,34,599,1
601,34,298,1
602,35,43,4
603,36,217,2
604,36,57,1
605,36,288,1
606,36,328,1
607,36,182,1
608,36,140,2
609,36,368,1
610,36,68,1
611,36,596,1
612,36,50,1
613,37,81,1
614,38,84,1
615,38,136,1
616,38,96,1
617,38,58,1
618,38,57,1
619,38,474,1
620,38,94,1
621,38,81,1
622,38,68,1
623,39,91,1
624,39,554,1
625,39,140,1
626,39,42,1
627,39,428,1
628,39,217,1
629,39,68,2
630,39,132,1
631,39,199,1
632,39,96,1
633,39,50,1
634,40,270,1
635,40,117,160
636,40,603,1
637,40,140,1
638,40,217,1
639,40,99,1
640,40,81,1
641,40,177,1
642,40,446,1
643,40,604,1
644,40,57,1
645,40,42,10
646,41,195,1
647,41,81,1
648,41,68,3
649,41,167,1
650,41,412,1
651,41,153,1
652,41,600,1
653,41,268,1
654,41,283,2
655,41,199,1
656,41,42,1
657,41,111,2
658,41,391,1
659,41,83,1
660,41,599,1
661,41,177,2
662,41,256,1
663,41,125,1
664,41,47,2
665,41,143,1
666,41,105,2
667,41,298,4
668,41,67,1
669,41,95,1
670,41,139,1
671,41,64,1
672,41,50,1
673,41,233,1
674,41,152,1
675,41,307,1
676,41,490,1
677,41,328,1
678,41,200,1
679,41,73,1
680,41,487,1
681,41,76,1
682,41,62,1
683,42,51,122
684,42,283,1
685,42,45,23
686,42,140,1
687,42,181,1
688,42,104,1
689,42,414,3
690,42,294,3
691,42,436,1
692,42,109,1
693,42,54,1
694,42,372,1
695,42,146,1
696,42,368,1
697,42,307,2
698,42,244,1
699,42,238,1
700,42,135,1
701,42,57,5
702,42,177,2
703,42,68,2
704,42,217,1
705,42,141,1
706,42,288,1
707,42,160,1
708,42,474,2
709,42,514,1
710,42,280,1
711,42,198,1
712,42,249,1
713,42,234,1
714,42,101,1
715,42,216,1
716,42,79,1
717,42,132,1
718,42,182,1
719,42,313,2
720,42,265,1
721,42,183,1
722,42,608,1
723,42,95,1
724,42,448,2
725,42,438,1
726,42,410,1
727,42,532,1
728,43,56,17
729,44,58,106
730,44,66,106
731,44,273,1
732,44,50,269
733,44,214,1
734,44,84,1
735,44,57,11
736,44,182,1
737,44,368,1
738,44,135,1
739,45,64,317
740,45,182,1
741,45,330,1
742,45,71,11
743,45,84,24
744,45,68,36
745,45,117,1
746,45,141,1
747,45,58,10
748,45,232,1
749,45,167,3
750,45,217,4
751,45,414,2
752,45,57,1
753,45,195,1
754,45,380,1
755,45,367,1
756,45,47,1
757,45,603,1
758,45,236,1
759,45,105,1
760,45,96,1
761,45,91,2
762,45,51,1
763,45,608,1
764,45,135,1
765,45,474,1
766,45,555,1
767,45,104,1
768,45,448,2
769,45,313,1
770,45,325,1
771,46,57,270
772,47,304,1
773,47,116,1
774,47,265,1
775,47,313,1
776,47,132,2
777,47,292,1
778,47,380,1
779,47,129,1
780,47,77,1
781,47,580,1
782,47,76,1
783,47,177,1
784,47,318,2
785,47,153,1
786,47,249,2
787,47,232,1
788,47,448,1
789,47,159,1
790,47,68,1
791,47,50,1
792,47,73,1
793,47,119,1
794,47,599,1
795,47,212,1
796,47,596,1
797,47,123,1
798,47,567,1
799,48,68,1
800,49,111,1
801,50,54,269
802,50,68,2
803,50,84,1
804,50,132,1
805,50,599,3
806,50,104,1
807,50,216,1
808,50,182,1
809,50,332,1
810,50,603,1
811,50,328,1
812,50,73,1
813,50,221,1
814,50,387,4
815,50,275,1
816,50,448,3
817,50,177,1
818,50,66,1
819,50,220,1
820,50,388,1
821,50,105,1
822,50,318,2
823,50,346,2
824,50,434,1
825,50,474,2
826,50,308,1
827,50,139,2
828,50,564,1
829,50,119,1
830,50,292,1
831,50,365,2
832,50,305,1
833,50,111,1
834,50,567,1
835,50,76,1
836,50,103,1
837,50,204,1
838,50,298,1
839,50,279,1
840,50,334,1
841,50,89,1
842,51,179,122
843,51,501,1
844,51,90,23
845,51,244,1
846,51,57,4
847,51,132,1
848,51,318,1
849,51,294,1
850,51,91,1
851,51,199,1
852,51,462,1
853,51,160,1
854,51,474,1
855,51,414,1
856,51,610,1
857,51,384,1
858,51,325,1
859,51,288,1
860,51,64,1
861,52,89,1
862,52,288,1
863,52,414,1
864,52,80,1
865,52,561,1
866,52,220,1
867,52,205,1
868,52,152,1
869,54,89,269
870,54,217,1
871,55,111,1
872,55,127,1
873,56,93,13
874,56,84,4
875,57,64,270
876,57,109,2
877,57,135,4
878,57,391,2
879,57,59,2
880,57,82,1
881,57,191,1
882,57,387,2
883,57,81,1
884,57,110,1
885,57,121,1
886,57,219,1
887,57,313,3
888,57,602,1
889,57,217,5
890,57,181,1
891,57,294,6
892,57,84,5
893,57,102,10
894,57,90,1
895,57,368,4
896,57,603,1
897,57,274,1
898,57,156,3
899,57,438,1
900,57,182,1
901,57,605,2
902,57,128,1
903,57,201,1
904,57,118,1
905,57,104,1
906,57,555,1
907,57,372,1
908,57,167,1
909,57,599,1
910,57,160,5
911,57,94,1
912,57,68,3
913,57,297,1
914,57,360,1
915,57,265,3
916,57,83,1
917,57,414,3
918,57,567,1
919,57,91,3
920,57,288,3
921,57,199,1
922,57,198,2
923,57,268,1
924,57,290,1
925,57,88,1
926,57,177,1
927,57,477,1
928,57,63,1
929,57,137,1
930,57,474,1
931,57,202,1
932,57,462,1
933,58,91,106
934,58,100,1
935,58,66,56
936,58,68,1
937,58,113,1
938,58,307,1
939,58,81,1
940,59,63,1
941,59,84,1
942,59,318,1
943,59,603,1
944,59,75,1
945,59,195,1
946,59,132,1
947,59,113,1
948,60,68,1
949,62,94,390
950,62,496,1
951,62,65,1
952,62,610,1
953,62,365,1
954,62,68,3
955,62,428,1
956,62,132,1
957,62,561,1
958,62,448,1
959,62,380,3
960,62,598,1
961,62,73,1
962,62,249,3
963,62,125,4
964,62,219,1
965,62,212,1
966,62,105,1
967,62,154,1
968,62,358,1
969,62,211,1
970,62,326,1
971,62,139,1
972,62,306,1
973,62,534,1
974,62,331,1
975,62,248,1
976,62,210,1
977,62,184,1
978,62,111,1
979,62,563,1
980,62,152,1
981,62,586,1
982,63,84,1
983,63,133,1
984,63,526,1
985,63,149,1
986,63,96,1
987,63,414,1
988,63,139,1
989,63,309,1
990,63,217,1
991,63,333,1
992,63,219,2
993,63,64,1
994,63,104,1
995,63,274,1
996,63,542,1
997,63,480,1
998,63,387,1
999,63,83,1
1000,63,105,1
1001,64,80,269
1002,64,66,317
1003,64,606,1
1004,64,101,1
1005,64,117,1
1006,64,167,1
1007,64,172,1
1008,64,307,1
1009,64,391,2
1010,64,182,2
1011,64,489,1
1012,64,414,2
1013,64,68,3
1014,64,105,3
1015,64,187,1
1016,64,274,2
1017,64,177,1
1018,64,599,1
1019,64,219,1
1020,65,119,1
1021,65,125,1
1022,65,105,1
1023,65,143,1
1024,66,179,106
1025,66,78,317
1026,66,103,46
1027,66,599,1
1028,66,84,11
1029,66,71,1
1030,66,105,2
1031,66,474,4
1032,66,220,1
1033,66,448,1
1034,66,414,3
1035,66,139,1
1036,66,104,1
1037,66,140,1
1038,66,182,1
1039,66,111,1
1040,66,332,1
1041,67,118,1
1042,67,160,1
1043,67,177,1
1044,68,288,9
1045,68,608,27
1046,68,489,2
1047,68,262,1
1048,68,223,1
1049,68,529,4
1050,68,170,1
1051,68,263,1
1052,68,79,36
1053,68,323,1
1054,68,462,1
1055,68,94,1
1056,68,160,4
1057,68,220,3
1058,68,117,1
1059,68,105,1
1060,68,167,2
1061,68,132,4
1062,68,232,10
1063,68,525,2
1064,68,180,1
1065,68,96,1
1066,68,90,1
1067,68,84,2
1068,68,217,4
1069,68,91,3
1070,68,153,2
1071,68,128,1
1072,68,182,2
1073,68,539,1
1074,68,115,2
1075,68,414,6
1076,68,125,3
1077,68,135,4
1078,68,198,2
1079,68,239,1
1080,68,113,4
1081,68,104,1
1082,68,474,6
1083,68,509,2
1084,68,172,1
1085,68,313,3
1086,68,177,4
1087,68,517,3
1088,68,274,5
1089,68,275,3
1090,68,307,4
1091,68,448,7
1092,68,412,1
1093,68,89,4
1094,68,187,4
1095,68,268,1
1096,68,255,1
1097,68,294,2
1098,68,222,1
1099,68,185,1
1100,68,600,2
1101,68,265,2
1102,68,131,1
1103,68,159,1
1104,68,292,1
1105,68,285,1
1106,68,387,3
1107,68,599,2
1108,68,140,5
1109,68,324,1
1110,68,111,3
1111,68,428,1
1112,68,352,1
1113,68,392,1
1114,68,186,1
1115,68,298,5
1116,68,552,1
1117,68,74,1
1118,68,219,2
1119,68,139,2
1120,68,390,1
1121,68,473,1
1122,68,256,1
1123,68,82,1
1124,68,477,1
1125,68,169,1
1126,68,326,1
1127,68,247,1
1128,68,200,2
1129,68,226,1
1130,68,433,1
1131,68,260,1
1132,68,380,2
1133,68,279,1
1134,68,254,1
1135,68,227,1
1136,68,365,1
1137,68,328,1
1138,68,318,2
1139,68,73,1
1140,68,212,1
1141,68,213,1
1142,68,249,1
1143,68,405,1
1144,68,152,1
1145,68,369,1
1146,68,306,1
1147,68,282,1
1148,68,210,1
1149,68,438,1
1150,70,221,1
1151,70,290,1
1152,70,414,1
1153,71,94,1
1154,71,307,1
1155,71,84,11
1156,71,78,1
1157,71,140,1
1158,71,392,1
1159,71,217,1
1160,73,136,1
1161,73,132,1
1162,73,563,1
1163,73,89,2
1164,73,414,1
1165,73,152,1
1166,73,249,1
1167,73,226,1
1168,73,177,1
1169,73,600,1
1170,73,305,1
1171,73,111,3
1172,73,567,2
1173,73,288,1
1174,73,448,1
1175,73,105,1
1176,73,365,1
1177,73,119,1
1178,73,98,1
1179,74,285,1
1180,74,84,2
1181,74,156,1
1182,74,599,1
1183,74,202,1
1184,74,339,1
1185,74,275,1
1186,74,438,1
1187,74,606,1
1188,74,95,1
1189,74,182,1
1190,74,387,2
1191,74,221,2
1192,74,474,2
1193,74,140,2
1194,74,152,1
1195,74,414,1
1196,74,253,1
1197,74,249,1
1198,75,108,1
1199,75,94,1
1200,75,411,1
1201,75,546,1
1202,75,139,1
1203,75,140,1
1204,75,307,1
1205,75,416,1
1206,75,219,1
1207,75,292,1
1208,75,221,1
1209,76,160,1
1210,76,308,1
1211,76,247,1
1212,76,116,1
1213,76,83,1
1214,76,82,1
1215,76,317,1
1216,76,182,1
1217,76,416,1
1218,76,105,3
1219,76,232,1
1220,76,261,1
1221,76,141,1
1222,76,125,1
1223,76,119,1
1224,77,328,1
1225,77,292,1
1226,77,111,1
1227,78,86,317
1228,78,133,1
1229,78,279,1
1230,78,160,2
1231,78,368,1
1232,78,474,1
1233,78,561,1
1234,78,91,1
1235,79,84,36
1236,79,217,1
1237,79,140,1
1238,79,414,1
1239,79,274,1
1240,80,90,269
1241,80,306,1
1242,80,305,1
1243,80,292,1
1244,80,111,1
1245,80,380,1
1246,80,105,1
1247,80,123,1
1248,80,103,1
1249,80,211,1
1250,81,160,1
1251,81,191,1
1252,81,126,2
1253,81,187,1
1254,81,304,1
1255,81,330,1
1256,81,134,1
1257,81,130,1
1258,82,91,161
1259,82,431,1
1260,82,197,1
1261,82,160,1
1262,82,201,1
1263,82,427,1
1264,82,266,1
1265,82,96,1
1266,82,111,1
1267,82,288,1
1268,82,226,1
1269,82,414,1
1270,82,534,1
1271,82,438,1
1272,82,177,1
1273,83,368,1
1274,83,533,1
1275,83,163,1
1276,83,268,1
1277,83,217,1
1278,83,132,2
1279,83,105,1
1280,83,209,1
1281,83,489,1
1282,83,219,1
1283,83,307,1
1284,83,509,1
1285,83,232,1
1286,84,162,195
1287,84,262,1
1288,84,182,1
1289,84,117,24
1290,84,94,1
1291,84,109,5
1292,84,294,2
1293,84,603,3
1294,84,95,11
1295,84,181,4
1296,84,105,37
1297,84,458,1
1298,84,437,1
1299,84,445,1
1300,84,606,1
1301,84,217,2
1302,84,195,1
1303,84,91,10
1304,84,385,2
1305,84,207,1
1306,84,140,1
1307,84,412,1
1308,84,275,2
1309,84,201,1
1310,84,100,6
1311,84,474,4
1312,84,221,2
1313,84,177,2
1314,84,288,1
1315,84,113,1
1316,84,202,5
1317,84,156,1
1318,84,245,1
1319,84,263,1
1320,84,414,2
1321,84,342,1
1322,84,199,1
1323,84,98,1
1324,84,555,1
1325,85,199,1
1326,85,275,1
1327,85,160,1
1328,85,135,1
1329,85,603,1
1330,85,182,1
1331,86,91,317
1332,87,167,1
1333,87,105,1
1334,88,89,1
1335,89,90,269
1336,89,414,2
1337,89,219,1
1338,89,275,1
1339,89,137,1
1340,89,303,1
1341,89,283,1
1342,89,572,1
1343,89,255,1
1344,89,91,1
1345,89,382,1
1346,89,217,4
1347,89,483,1
1348,89,135,1
1349,89,519,1
1350,89,119,1
1351,89,182,1
1352,89,232,5
1353,89,380,2
1354,89,308,1
1355,89,480,1
1356,89,111,1
1357,89,248,1
1358,89,298,3
1359,89,249,1
1360,89,306,1
1361,89,448,2
1362,89,522,1
1363,89,509,1
1364,90,93,269
1365,90,91,269
1366,90,385,1
1367,90,117,23
1368,90,596,2
1369,90,262,1
1370,90,414,1
1371,90,283,1
1372,90,307,1
1373,91,117,107
1374,91,95,270
1375,91,103,318
1376,91,132,1
1377,91,414,6
1378,91,104,160
1379,91,490,1
1380,91,597,1
1381,91,110,1
1382,91,262,1
1383,91,294,3
1384,91,500,1
1385,91,234,1
1386,91,115,10
1387,91,150,1
1388,91,160,3
1389,91,137,1
1390,91,116,1
1391,91,288,1
1392,91,571,1
1393,91,177,1
1394,91,217,4
1395,91,230,1
1396,91,266,2
1397,91,232,1
1398,91,186,1
1399,91,127,1
1400,91,156,1
1401,91,245,1
1402,91,153,1
1403,91,183,1
1404,91,474,3
1405,91,368,2
1406,91,325,1
1407,91,182,1
1408,91,219,1
1409,91,100,1
1410,91,405,1
1411,91,372,1
1412,91,274,2
1413,91,140,2
1414,91,599,1
1415,91,298,1
1416,91,199,1
1417,91,387,1
1418,91,380,1
1419,91,606,1
1420,91,483,1
1421,92,288,1
1422,93,112,269
1423,93,99,13
1424,93,284,1
1425,93,217,1
1426,94,103,390
1427,94,266,1
1428,94,156,1
1429,94,121,1
1430,94,104,1
1431,94,126,1
1432,94,181,1
1433,94,160,1
1434,94,113,1
1435,95,109,269
1436,95,275,1
1437,95,150,11
1438,95,199,1
1439,95,599,1
1440,95,195,1
1441,95,387,1
1442,95,298,2
1443,95,182,1
1444,95,474,1
1445,95,438,1
1446,95,312,1
1447,95,187,1
1448,95,140,1
1449,95,348,1
1450,96,136,1
1451,96,603,1
1452,96,508,1
1453,96,160,1
1454,96,156,2
1455,96,108,1
1456,96,140,1
1457,96,100,1
1458,96,368,1
1459,97,238,1
1460,97,202,1
1461,98,217,1
1462,98,153,2
1463,98,125,1
1464,98,318,1
1465,98,306,1
1466,98,305,2
1467,99,119,13
1468,99,136,1
1469,99,604,22
1470,99,372,1
1471,99,191,1
1472,99,294,1
1473,99,429,1
1474,100,139,2
1475,100,309,1
1476,100,109,4
1477,100,608,1
1478,100,313,1
1479,100,288,1
1480,101,372,1
1481,101,203,1
1482,101,603,1
1483,101,412,1
1484,101,267,1
1485,101,422,1
1486,101,414,1
1487,101,219,1
1488,102,297,1
1489,102,109,10
1490,103,122,391
1491,103,107,363
1492,103,265,1
1493,103,306,1
1494,103,305,1
1495,103,132,1
1496,103,381,1
1497,103,199,1
1498,103,218,1
1499,103,177,2
1500,103,249,1
1501,103,119,1
1502,103,326,1
1503,103,247,1
1504,103,564,1
1505,103,382,1
1506,103,141,1
1507,104,217,1
1508,104,308,1
1509,104,117,161
1510,104,181,1
1511,104,554,1
1512,104,517,1
1513,104,124,1
1514,104,156,1
1515,104,234,1
1516,104,177,2
1517,104,414,2
1518,104,182,1
1519,104,232,1
1520,104,105,1
1521,104,474,1
1522,104,226,1
1523,104,220,1
1524,104,489,1
1525,104,590,1
1526,104,438,1
1527,104,356,1
1528,104,563,1
1529,104,448,1
1530,104,318,1
1531,105,509,1
1532,105,150,36
1533,105,119,1
1534,105,156,1
1535,105,188,1
1536,105,263,1
1537,105,249,4
1538,105,372,1
1539,105,318,6
1540,105,200,3
1541,105,346,1
1542,105,462,1
1543,105,391,1
1544,105,275,1
1545,105,182,2
1546,105,146,1
1547,105,122,1
1548,105,140,2
1549,105,125,2
1550,105,534,1
1551,105,137,1
1552,105,324,1
1553,105,397,1
1554,105,307,1
1555,105,448,1
1556,105,387,2
1557,105,222,1
1558,105,606,1
1559,105,274,1
1560,105,177,3
1561,105,226,2
1562,105,153,1
1563,105,380,2
1564,105,158,1
1565,105,298,1
1566,105,159,1
1567,105,212,2
1568,105,152,1
1569,106,152,1
1570,107,121,317
1571,107,120,46
1572,108,606,2
1573,108,117,1
1574,108,140,3
1575,108,202,1
1576,108,438,1
1577,108,414,3
1578,108,263,1
1579,109,133,269
1580,109,120,1
1581,109,318,1
1582,109,117,17
1583,109,195,1
1584,109,121,1
1585,109,532,1
1586,109,147,1
1587,109,202,2
1588,109,602,1
1589,109,162,1
1590,109,385,1
1591,109,181,2
1592,109,380,1
1593,109,182,1
1594,110,314,1
1595,110,160,1
1596,110,156,1
1597,110,221,1
1598,111,365,1
1599,111,600,1
1600,111,307,1
1601,111,448,1
1602,111,187,1
1603,111,153,2
1604,111,586,1
1605,111,474,1
1606,111,140,3
1607,111,198,1
1608,111,226,1
1609,111,279,2
1610,111,601,1
1611,111,232,6
1612,111,212,2
1613,111,132,1
1614,111,414,3
1615,111,298,4
1616,111,143,2
1617,111,438,2
1618,111,564,2
1619,111,165,1
1620,111,596,1
1621,111,354,1
1622,111,331,1
1623,111,380,1
1624,111,249,5
1625,111,274,3
1626,111,306,1
1627,111,125,2
1628,111,464,1
1629,111,139,1
1630,111,517,1
1631,111,141,1
1632,111,563,1
1633,111,233,1
1634,111,184,1
1635,111,247,1
1636,111,177,1
1637,111,509,1
1638,111,210,1
1639,112,130,269
1640,113,181,1
1641,113,474,2
1642,113,162,1
1643,113,174,1
1644,113,168,1
1645,113,414,1
1646,113,216,1
1647,113,160,3
1648,113,448,2
1649,113,156,2
1650,113,368,1
1651,113,198,2
1652,113,309,1
1653,113,222,1
1654,113,603,1
1655,113,140,2
1656,113,294,1
1657,113,597,1
1658,113,266,1
1659,113,182,1
1660,113,288,2
1661,113,217,1
1662,113,202,1
1663,113,221,1
1664,113,246,1
1665,113,186,1
1666,113,342,1
1667,113,479,1
1668,113,599,1
1669,113,313,1
1670,114,298,1
1671,115,372,1
1672,115,288,2
1673,115,117,10
1674,115,270,1
1675,115,160,2
1676,115,199,1
1677,115,232,1
1678,115,236,1
1679,115,409,1
1680,115,255,1
1681,115,183,1
1682,116,160,1
1683,116,380,1
1684,116,140,1
1685,116,135,1
1686,116,303,1
1687,117,150,106
1688,117,304,1
1689,117,135,160
1690,117,182,160
1691,117,144,1
1692,117,268,1
1693,117,181,11
1694,117,121,27
1695,117,372,2
1696,117,188,23
1697,117,240,1
1698,117,488,1
1699,117,133,2
1700,117,265,1
1701,117,385,1
1702,117,140,10
1703,117,199,1
1704,117,151,1
1705,117,414,1
1706,117,269,1
1707,117,288,1
1708,117,448,1
1709,118,132,1
1710,118,288,1
1711,118,160,1
1712,119,178,13
1713,119,232,1
1714,119,140,1
1715,119,125,1
1716,119,143,1
1717,119,483,1
1718,119,495,1
1719,119,249,1
1720,119,212,1
1721,119,408,1
1722,119,190,1
1723,119,227,1
1724,119,256,1
1725,119,307,1
1726,119,210,1
1727,119,221,1
1728,120,314,1
1729,120,200,46
1730,120,169,1
1731,120,474,1
1732,120,458,1
1733,121,124,317
1734,121,373,1
1735,121,140,5
1736,121,150,22
1737,121,262,1
1738,121,517,1
1739,121,133,1
1740,122,125,391
1741,122,517,1
1742,122,249,2
1743,122,215,1
1744,122,318,1
1745,123,177,1
1746,123,414,1
1747,124,135,317
1748,124,177,1
1749,124,448,1
1750,125,160,390
1751,125,252,1
1752,125,199,1
1753,125,288,1
1754,125,212,1
1755,125,248,1
1756,125,414,2
1757,125,241,1
1758,125,298,4
1759,125,448,2
1760,125,177,2
1761,125,249,6
1762,125,603,1
1763,125,318,2
1764,125,182,1
1765,125,380,4
1766,125,184,1
1767,125,317,1
1768,125,210,1
1769,125,305,1
1770,125,339,1
1771,125,511,1
1772,125,139,1
1773,125,495,1
1774,125,279,1
1775,125,408,1
1776,126,187,1
1777,126,485,1
1778,126,266,1
1779,126,136,2
1780,126,174,1
1781,126,191,1
1782,127,199,1
1783,127,265,1
1784,127,140,1
1785,127,217,2
1786,127,161,1
1787,127,255,1
1788,127,326,1
1789,128,590,1
1790,128,600,1
1791,128,305,1
1792,128,140,1
1793,129,484,1
1794,129,288,1
1795,130,134,269
1796,130,133,1
1797,130,230,1
1798,130,178,1
1799,131,599,1
1800,131,480,2
1801,131,469,1
1802,131,416,1
1803,132,153,135
1804,132,602,1
1805,132,427,2
1806,132,274,2
1807,132,177,3
1808,132,224,1
1809,132,181,1
1810,132,474,3
1811,132,245,1
1812,132,315,1
1813,132,216,2
1814,132,149,1
1815,132,297,1
1816,132,288,1
1817,132,414,5
1818,132,487,1
1819,132,199,1
1820,132,275,2
1821,132,230,1
1822,132,217,2
1823,132,279,1
1824,132,140,2
1825,132,160,1
1826,132,294,1
1827,132,331,1
1828,132,307,3
1829,132,344,1
1830,132,367,1
1831,132,391,1
1832,132,603,1
1833,132,346,2
1834,132,161,1
1835,132,182,2
1836,132,222,1
1837,132,232,1
1838,132,504,1
1839,132,190,2
1840,132,438,1
1841,132,489,1
1842,132,608,1
1843,132,528,1
1844,132,233,1
1845,132,282,1
1846,132,509,1
1847,133,144,269
1848,133,135,2
1849,133,202,1
1850,133,226,2
1851,133,411,1
1852,134,140,269
1853,134,181,1
1854,135,137,317
1855,135,217,4
1856,135,144,160
1857,135,191,1
1858,135,181,1
1859,135,428,1
1860,135,294,3
1861,135,177,2
1862,135,140,1
1863,135,160,7
1864,135,149,2
1865,135,288,2
1866,135,219,1
1867,135,301,1
1868,135,368,2
1869,135,307,1
1870,135,202,1
1871,135,304,1
1872,135,216,1
1873,135,312,1
1874,135,290,1
1875,135,199,1
1876,135,596,1
1877,135,380,1
1878,135,226,1
1879,135,165,1
1880,135,387,1
1881,135,182,1
1882,135,391,1
1883,136,191,1
1884,136,373,2
1885,136,181,1
1886,136,160,4
1887,136,438,1
1888,136,294,1
1889,136,173,1
1890,136,372,1
1891,136,140,1
1892,136,223,1
1893,136,414,1
1894,137,141,317
1895,137,492,1
1896,137,156,4
1897,137,199,1
1898,137,182,2
1899,137,290,1
1900,137,599,1
1901,137,140,1
1902,137,177,1
1903,139,217,1
1904,139,219,1
1905,139,317,1
1906,139,298,5
1907,139,307,1
1908,139,610,1
1909,139,462,1
1910,139,414,1
1911,139,590,1
1912,139,479,1
1913,139,198,1
1914,139,140,1
1915,139,495,1
1916,139,561,3
1917,139,448,1
1918,139,187,2
1919,139,177,2
1920,139,438,1
1921,139,542,2
1922,139,274,2
1923,139,517,1
1924,139,339,1
1925,139,567,1
1926,139,365,1
1927,139,226,1
1928,139,327,1
1929,139,141,1
1930,139,525,1
1931,139,305,1
1932,139,318,1
1933,140,155,270
1934,140,217,3
1935,140,414,6
1936,140,177,4
1937,140,244,2
1938,140,181,1
1939,140,142,1
1940,140,302,1
1941,140,191,10
1942,140,226,1
1943,140,276,1
1944,140,232,7
1945,140,288,6
1946,140,153,1
1947,140,169,5
1948,140,195,1
1949,140,326,1
1950,140,202,4
1951,140,372,1
1952,140,481,1
1953,140,298,1
1954,140,352,1
1955,140,156,4
1956,140,188,1
1957,140,275,2
1958,140,348,1
1959,140,422,2
1960,140,448,2
1961,140,182,10
1962,140,282,1
1963,140,535,1
1964,140,198,2
1965,140,290,1
1966,140,367,1
1967,140,263,2
1968,140,368,1
1969,140,603,3
1970,140,265,2
1971,140,285,2
1972,140,508,1
1973,140,453,2
1974,140,555,1
1975,140,331,2
1976,140,415,1
1977,140,462,1
1978,140,219,1
1979,140,426,1
1980,140,186,2
1981,140,274,3
1982,140,313,1
1983,140,325,1
1984,140,606,1
1985,140,391,1
1986,140,165,2
1987,140,427,2
1988,140,479,1
1989,140,509,1
1990,140,213,1
1991,140,474,2
1992,140,599,2
1993,140,196,1
1994,140,480,1
1995,140,590,1
1996,140,230,1
1997,140,380,1
1998,140,254,1
1999,140,141,1
2000,141,156,317
2001,141,165,1
2002,141,167,1
2003,141,317,1
2004,141,232,2
2005,141,159,1
2006,141,298,1
2007,141,148,1
2008,141,274,1
2009,141,288,1
2010,142,195,1
2011,143,155,1
2012,143,177,1
2013,143,534,1
2014,143,313,1
2015,143,275,1
2016,143,274,1
2017,143,255,1
2018,143,210,1
2019,143,182,1
2020,143,298,2
2021,143,280,1
2022,143,509,1
2023,143,525,1
2024,143,232,1
2025,143,159,1
2026,144,149,269
2027,144,226,160
2028,144,170,1
2029,144,156,1
2030,146,288,1
2031,146,573,1
2032,146,200,1
2033,146,160,1
2034,146,199,1
2035,146,177,1
2036,147,174,1
2037,148,193,1
2038,148,322,1
2039,148,212,1
2040,148,401,1
2041,149,166,269
2042,149,160,5
2043,149,592,1
2044,149,187,1
2045,149,297,1
2046,149,288,1
2047,149,416,1
2048,149,372,1
2049,149,424,1
2050,149,479,2
2051,149,328,1
2052,149,217,1
2053,150,151,106
2054,150,179,11
2055,150,170,22
2056,150,191,36
2057,150,214,1
2058,151,270,106
2059,151,456,19
2060,151,277,1
2061,151,374,1
2062,151,182,1
2063,152,274,1
2064,152,199,1
2065,152,462,1
2066,152,393,1
2067,152,326,1
2068,152,380,1
2069,152,317,1
2070,152,219,1
2071,152,232,1
2072,153,193,134
2073,153,217,44
2074,153,222,1
2075,153,157,1
2076,153,381,1
2077,153,159,1
2078,153,247,1
2079,153,160,1
2080,153,313,1
2081,153,330,1
2082,153,198,1
2083,153,428,1
2084,153,356,1
2085,153,305,1
2086,153,606,1
2087,153,593,1
2088,153,167,1
2089,153,522,1
2090,153,233,1
2091,153,308,1
2092,153,298,1
2093,153,497,1
2094,153,503,1
2095,153,177,1
2096,153,261,1
2097,154,339,1
2098,155,214,269
2099,155,216,1
2100,155,217,1
2101,155,158,1
2102,155,199,1
2103,156,160,319
2104,156,191,1
2105,156,600,2
2106,156,288,7
2107,156,171,1
2108,156,469,1
2109,156,318,1
2110,156,357,1
2111,156,372,1
2112,156,217,6
2113,156,474,3
2114,156,292,1
2115,156,332,1
2116,156,317,1
2117,156,172,1
2118,156,385,1
2119,156,165,1
2120,156,414,3
2121,156,177,2
2122,156,266,1
2123,156,387,2
2124,156,368,1
2125,156,590,2
2126,156,215,1
2127,156,166,1
2128,156,313,1
2129,156,216,4
2130,156,244,1
2131,156,268,1
2132,156,175,1
2133,156,265,1
2134,156,294,1
2135,156,309,1
2136,156,462,1
2137,156,274,1
2138,156,517,1
2139,156,226,1
2140,156,587,1
2141,156,409,1
2142,156,221,1
2143,156,256,1
2144,156,603,1
2145,156,232,1
2146,156,606,3
2147,156,356,1
2148,157,233,1
2149,157,474,1
2150,157,169,1
2151,158,246,1
2152,158,217,1
2153,158,182,1
2154,158,274,2
2155,158,249,1
2156,159,274,1
2157,159,212,1
2158,159,391,1
2159,159,357,1
2160,159,298,3
2161,159,288,1
2162,159,534,1
2163,159,480,2
2164,159,249,1
2165,159,219,1
2166,159,317,1
2167,159,496,1
2168,159,177,1
2169,159,351,1
2170,159,464,1
2171,160,169,390
2172,160,217,14
2173,160,161,317
2174,160,297,3
2175,160,288,11
2176,160,373,1
2177,160,284,1
2178,160,480,1
2179,160,386,1
2180,160,588,1
2181,160,294,8
2182,160,308,2
2183,160,234,4
2184,160,202,1
2185,160,368,3
2186,160,307,3
2187,160,262,2
2188,160,193,1
2189,160,385,1
2190,160,287,2
2191,160,560,1
2192,160,597,2
2193,160,244,1
2194,160,219,3
2195,160,247,1
2196,160,290,2
2197,160,199,1
2198,160,167,3
2199,160,326,1
2200,160,313,2
2201,160,325,2
2202,160,603,2
2203,160,168,1
2204,160,266,4
2205,160,483,1
2206,160,230,1
2207,160,200,1
2208,160,292,1
2209,160,600,4
2210,160,391,4
2211,160,187,2
2212,160,387,2
2213,160,360,1
2214,160,208,1
2215,160,268,1
2216,160,396,1
2217,160,163,1
2218,160,198,3
2219,160,254,1
2220,160,571,2
2221,160,406,1
2222,160,449,1
2223,160,195,1
2224,160,222,1
2225,160,414,1
2226,160,265,1
2227,160,384,1
2228,160,555,1
2229,160,216,1
2230,160,177,3
2231,160,432,1
2232,160,591,1
2233,160,517,1
2234,160,298,1
2235,160,218,1
2236,160,333,1
2237,160,182,2
2238,160,448,1
2239,160,279,1
2240,160,428,1
2241,161,178,317
2242,161,325,1
2243,161,186,1
2244,162,170,1
2245,162,321,1
2246,163,414,2
2247,163,391,1
2248,163,600,1
2249,165,216,1
2250,165,217,1
2251,165,187,1
2252,165,167,1
2253,165,275,1
2254,165,425,1
2255,165,599,1
2256,165,438,1
2257,165,288,1
2258,166,179,269
2259,166,198,1
2260,166,173,1
2261,166,380,1
2262,167,273,1
2263,167,275,1
2264,167,283,1
2265,167,198,1
2266,167,186,1
2267,167,368,1
2268,167,182,1
2269,167,469,1
2270,167,217,1
2271,167,195,1
2272,167,448,1
2273,167,313,1
2274,167,215,1
2275,167,474,1
2276,167,288,1
2277,167,187,1
2278,167,298,1
2279,167,477,1
2280,167,178,1
2281,168,294,1
2282,168,268,1
2283,169,186,390
2284,169,181,1
2285,169,177,1
2286,169,199,4
2287,169,554,1
2288,169,288,1
2289,169,453,1
2290,169,414,2
2291,169,298,1
2292,170,173,1
2293,170,314,1
2294,170,373,1
2295,170,181,22
2296,170,517,1
2297,171,588,1
2298,172,288,2
2299,172,217,1
2300,172,226,1
2301,173,174,1
2302,173,314,1
2303,173,182,1
2304,174,199,1
2305,174,232,1
2306,174,182,1
2307,174,603,1
2308,174,217,1
2309,175,177,1
2310,177,257,1
2311,177,602,1
2312,177,385,1
2313,177,373,1
2314,177,294,7
2315,177,448,5
2316,177,217,3
2317,177,605,1
2318,177,188,1
2319,177,212,2
2320,177,489,2
2321,177,600,1
2322,177,267,1
2323,177,597,1
2324,177,387,3
2325,177,222,2
2326,177,603,1
2327,177,260,3
2328,177,488,1
2329,177,182,2
2330,177,410,1
2331,177,234,1
2332,177,232,12
2333,177,198,2
2334,177,332,1
2335,177,474,4
2336,177,477,1
2337,177,288,5
2338,177,469,1
2339,177,274,6
2340,177,525,1
2341,177,220,1
2342,177,263,1
2343,177,315,1
2344,177,216,2
2345,177,346,1
2346,177,479,1
2347,177,368,1
2348,177,249,3
2349,177,345,1
2350,177,200,2
2351,177,318,2
2352,177,307,2
2353,177,517,1
2354,177,608,1
2355,177,293,2
2356,177,298,4
2357,177,427,1
2358,177,426,1
2359,177,219,1
2360,177,305,2
2361,177,563,3
2362,177,606,1
2363,177,282,1
2364,177,414,5
2365,177,462,1
2366,177,365,2
2367,177,223,1
2368,177,252,1
2369,177,482,1
2370,177,317,2
2371,177,237,1
2372,177,292,2
2373,177,509,1
2374,177,381,1
2375,177,226,1
2376,177,484,1
2377,177,211,1
2378,177,382,1
2379,177,405,1
2380,177,334,1
2381,178,179,317
2382,178,186,13
2383,178,230,1
2384,178,184,1
2385,179,380,106
2386,179,240,122
2387,179,182,586
2388,179,181,11
2389,179,492,1
2390,179,217,2
2391,180,217,1
2392,181,265,3
2393,181,492,1
2394,181,217,6
2395,181,297,2
2396,181,290,1
2397,181,208,1
2398,181,199,11
2399,181,229,23
2400,181,436,1
2401,181,191,1
2402,181,368,1
2403,181,536,1
2404,181,476,1
2405,181,187,1
2406,181,448,1
2407,181,386,1
2408,181,288,1
2409,181,414,1
2410,181,270,10
2411,181,276,1
2412,182,195,270
2413,182,185,317
2414,182,353,1
2415,182,414,10
2416,182,191,1
2417,182,314,160
2418,182,235,1
2419,182,368,2
2420,182,217,7
2421,182,202,3
2422,182,219,4
2423,182,260,2
2424,182,290,1
2425,182,257,1
2426,182,603,3
2427,182,453,1
2428,182,325,4
2429,182,298,3
2430,182,342,1
2431,182,313,1
2432,182,270,1
2433,182,245,1
2434,182,268,1
2435,182,199,4
2436,182,206,1
2437,182,560,1
2438,182,448,3
2439,182,312,1
2440,182,183,1
2441,182,469,1
2442,182,288,4
2443,182,238,1
2444,182,480,2
2445,182,324,1
2446,182,216,2
2447,182,275,2
2448,182,410,2
2449,182,599,2
2450,182,606,1
2451,182,198,2
2452,182,474,4
2453,182,318,1
2454,182,608,1
2455,182,274,1
2456,182,344,1
2457,182,232,1
2458,182,387,3
2459,182,483,1
2460,182,330,1
2461,182,479,1
2462,182,552,1
2463,182,331,1
2464,182,434,1
2465,182,221,1
2466,182,356,1
2467,182,263,1
2468,183,217,3
2469,183,368,2
2470,183,186,1
2471,183,298,1
2472,183,202,2
2473,183,199,1
2474,183,275,1
2475,184,380,2
2476,184,474,1
2477,184,305,3
2478,184,414,1
2479,184,232,1
2480,184,212,3
2481,184,514,1
2482,184,448,2
2483,184,567,1
2484,184,318,1
2485,185,186,317
2486,185,414,1
2487,185,358,1
2488,185,325,1
2489,185,290,1
2490,185,247,1
2491,185,387,1
2492,185,380,1
2493,186,202,391
2494,186,191,317
2495,186,195,13
2496,186,474,2
2497,186,216,1
2498,186,414,3
2499,186,288,2
2500,186,380,1
2501,186,274,1
2502,186,603,1
2503,186,313,1
2504,187,317,1
2505,187,282,1
2506,187,199,2
2507,187,208,1
2508,187,480,1
2509,187,202,1
2510,187,198,1
2511,187,307,1
2512,187,233,2
2513,187,246,1
2514,187,219,1
2515,187,414,5
2516,187,357,1
2517,187,387,2
2518,187,241,1
2519,187,462,2
2520,187,200,1
2521,187,218,1
2522,187,298,1
2523,187,331,1
2524,187,274,2
2525,187,590,1
2526,187,474,1
2527,187,308,1
2528,187,610,1
2529,187,232,1
2530,187,227,1
2531,188,206,23
2532,188,517,1
2533,188,275,1
2534,188,199,2
2535,188,488,1
2536,188,202,2
2537,188,474,1
2538,188,268,1
2539,190,249,2
2540,190,219,1
2541,191,202,317
2542,191,283,1
2543,191,414,1
2544,191,385,1
2545,191,270,1
2546,191,230,1
2547,191,437,1
2548,191,373,1
2549,191,235,1
2550,191,600,1
2551,191,195,36
2552,191,603,1
2553,191,244,1
2554,191,368,1
2555,191,294,1
2556,191,308,1
2557,191,199,11
2558,193,266,134
2559,193,264,1
2560,193,216,1
2561,195,201,269
2562,195,202,15
2563,195,292,1
2564,195,262,1
2565,195,199,36
2566,195,372,4
2567,195,266,2
2568,195,275,2
2569,195,325,1
2570,195,198,1
2571,195,260,2
2572,195,222,1
2573,195,422,1
2574,195,217,1
2575,195,244,1
2576,195,216,1
2577,195,414,1
2578,195,320,1
2579,195,249,1
2580,196,292,1
2581,196,463,1
2582,196,354,1
2583,197,217,2
2584,197,274,1
2585,198,255,1
2586,198,265,2
2587,198,372,1
2588,198,199,2
2589,198,260,1
2590,198,212,1
2591,198,219,2
2592,198,202,1
2593,198,339,1
2594,198,414,2
2595,198,288,2
2596,198,358,1
2597,198,489,1
2598,198,275,1
2599,198,217,1
2600,198,268,1
2601,198,230,1
2602,198,226,2
2603,198,249,1
2604,198,285,1
2605,198,391,2
2606,198,234,1
2607,198,525,1
2608,198,474,1
2609,198,603,1
2610,198,462,1
2611,198,272,1
2612,198,263,1
2613,199,603,2
2614,199,353,1
2615,199,262,11
2616,199,266,37
2617,199,217,4
2618,199,411,1
2619,199,602,1
2620,199,294,1
2621,199,566,1
2622,199,229,10
2623,199,599,4
2624,199,368,3
2625,199,274,1
2626,199,414,5
2627,199,597,1
2628,199,268,1
2629,199,474,4
2630,199,201,4
2631,199,247,2
2632,199,298,1
2633,199,202,2
2634,199,428,1
2635,199,605,1
2636,199,307,1
2637,199,218,1
2638,199,332,3
2639,199,231,1
2640,199,275,1
2641,199,462,1
2642,199,216,2
2643,199,288,4
2644,199,434,1
2645,199,397,1
2646,199,325,1
2647,199,245,1
2648,199,219,1
2649,199,292,1
2650,199,333,1
2651,199,221,1
2652,199,263,1
2653,199,318,1
2654,199,241,1
2655,199,249,1
2656,199,380,1
2657,199,317,1
2658,199,233,1
2659,200,337,46
2660,200,380,2
2661,200,232,2
2662,200,274,2
2663,200,325,2
2664,200,263,2
2665,200,307,2
2666,200,426,1
2667,200,414,1
2668,200,222,1
2669,200,381,1
2670,200,567,1
2671,200,599,1
2672,201,202,274
2673,201,268,1
2674,201,599,1
2675,201,275,1
2676,201,414,1
2677,202,232,390
2678,202,226,269
2679,202,217,335
2680,202,391,1
2681,202,301,1
2682,202,602,1
2683,202,385,3
2684,202,353,1
2685,202,603,2
2686,202,229,1
2687,202,555,3
2688,202,368,4
2689,202,219,1
2690,202,346,1
2691,202,372,1
2692,202,265,1
2693,202,235,4
2694,202,222,1
2695,202,325,2
2696,202,216,2
2697,202,275,1
2698,202,288,6
2699,202,571,1
2700,202,286,1
2701,202,462,1
2702,202,260,1
2703,202,387,2
2704,202,597,1
2705,202,274,2
2706,202,322,1
2707,202,414,5
2708,202,384,1
2709,202,474,1
2710,202,221,2
2711,202,203,1
2712,202,318,1
2713,202,352,1
2714,202,606,1
2715,202,587,2
2716,202,290,1
2717,202,332,1
2718,202,238,1
2719,202,465,1
2720,202,469,1
2721,203,294,1
2722,203,284,1
2723,203,217,1
2724,203,247,1
2725,204,288,1
2726,204,330,1
2727,204,560,1
2728,205,408,1
2729,206,276,23
2730,206,302,1
2731,207,219,1
2732,208,217,2
2733,208,235,1
2734,208,221,1
2735,209,378,1
2736,210,325,1
2737,210,534,1
2738,210,474,1
2739,210,298,1
2740,210,212,1
2741,210,249,1
2742,210,292,1
2743,210,219,1
2744,210,222,1
2745,211,448,1
2746,211,232,1
2747,211,222,1
2748,212,287,1
2749,212,246,1
2750,212,306,1
2751,212,298,4
2752,212,380,5
2753,212,448,2
2754,212,274,1
2755,212,318,3
2756,212,525,2
2757,212,249,1
2758,212,414,1
2759,212,483,1
2760,212,426,1
2761,212,241,1
2762,212,279,3
2763,212,233,1
2764,212,305,1
2765,212,567,1
2766,212,418,1
2767,212,232,1
2768,212,381,1
2769,212,482,1
2770,213,414,1
2771,213,387,1
2772,214,216,269
2773,214,492,1
2774,214,270,1
2775,214,265,1
2776,215,342,1
2777,215,221,1
2778,215,367,1
2779,216,233,269
2780,216,225,1
2781,216,474,2
2782,216,517,1
2783,216,469,3
2784,216,409,3
2785,216,298,1
2786,216,462,2
2787,216,217,3
2788,216,292,1
2789,216,266,3
2790,216,387,1
2791,216,288,2
2792,216,448,1
2793,216,274,1
2794,216,268,1
2795,216,355,1
2796,216,325,1
2797,216,422,1
2798,216,275,1
2799,216,346,1
2800,217,259,44
2801,217,294,25
2802,217,308,2
2803,217,239,317
2804,217,266,2
2805,217,220,13
2806,217,219,3
2807,217,274,4
2808,217,411,1
2809,217,307,3
2810,217,262,1
2811,217,414,12
2812,217,474,7
2813,217,368,16
2814,217,237,1
2815,217,606,2
2816,217,314,1
2817,217,385,3
2818,217,448,3
2819,217,489,1
2820,217,273,1
2821,217,391,1
2822,217,387,3
2823,217,328,1
2824,217,297,1
2825,217,270,3
2826,217,288,28
2827,217,263,1
2828,217,555,3
2829,217,245,2
2830,217,600,1
2831,217,492,1
2832,217,603,4
2833,217,247,1
2834,217,234,2
2835,217,224,1
2836,217,238,1
2837,217,315,3
2838,217,225,1
2839,217,372,2
2840,217,599,4
2841,217,590,1
2842,217,597,2
2843,217,361,3
2844,217,360,1
2845,217,481,1
2846,217,271,1
2847,217,232,1
2848,217,249,1
2849,217,325,3
2850,217,221,1
2851,217,313,2
2852,217,430,1
2853,217,469,3
2854,217,226,3
2855,217,268,2
2856,217,265,1
2857,217,428,1
2858,217,438,1
2859,217,384,1
2860,217,514,1
2861,217,608,1
2862,217,380,1
2863,217,244,1
2864,217,292,1
2865,217,357,1
2866,217,290,1
2867,217,254,1
2868,217,397,1
2869,217,346,1
2870,217,231,1
2871,217,355,1
2872,217,517,1
2873,217,381,1
2874,218,480,1
2875,218,294,1
2876,218,309,1
2877,219,448,3
2878,219,373,1
2879,219,385,1
2880,219,434,1
2881,219,474,1
2882,219,469,1
2883,219,221,1
2884,219,226,4
2885,219,297,1
2886,219,298,2
2887,219,599,2
2888,219,597,1
2889,219,234,1
2890,219,294,1
2891,219,266,1
2892,219,288,3
2893,219,296,1
2894,219,267,2
2895,219,608,1
2896,219,244,1
2897,219,368,1
2898,219,274,2
2899,219,442,1
2900,219,292,1
2901,219,282,1
2902,219,311,1
2903,219,326,2
2904,219,527,1
2905,219,480,2
2906,219,331,1
2907,219,280,1
2908,219,369,1
2909,219,325,1
2910,219,275,1
2911,219,232,2
2912,219,263,1
2913,219,580,1
2914,219,380,2
2915,219,233,1
2916,219,365,1
2917,219,462,1
2918,219,332,1
2919,219,307,1
2920,219,414,1
2921,219,249,1
2922,220,226,13
2923,220,330,1
2924,220,303,1
2925,220,533,1
2926,220,414,2
2927,220,238,1
2928,220,344,1
2929,220,489,1
2930,220,232,2
2931,220,292,2
2932,220,448,1
2933,220,249,1
2934,220,545,1
2935,220,298,1
2936,221,290,2
2937,221,414,1
2938,221,387,2
2939,221,246,1
2940,221,260,2
2941,221,368,1
2942,221,266,1
2943,221,465,1
2944,221,380,1
2945,221,288,2
2946,221,367,1
2947,221,346,3
2948,221,325,1
2949,221,307,1
2950,221,448,1
2951,221,474,2
2952,221,305,1
2953,221,254,1
2954,221,514,1
2955,221,227,1
2956,221,462,1
2957,221,599,1
2958,222,372,2
2959,222,249,1
2960,222,233,1
2961,222,263,1
2962,222,268,1
2963,222,274,1
2964,222,380,2
2965,222,266,1
2966,222,305,2
2967,222,414,1
2968,222,462,1
2969,222,227,1
2970,222,226,1
2971,222,318,1
2972,222,232,1
2973,222,298,2
2974,222,580,1
2975,222,448,3
2976,222,483,1
2977,223,255,1
2978,223,436,1
2979,223,503,1
2980,223,484,1
2981,223,313,1
2982,223,434,1
2983,223,287,1
2984,223,425,1
2985,223,301,1
2986,224,361,1
2987,224,307,1
2988,224,517,1
2989,224,587,1
2990,225,266,1
2991,225,307,2
2992,225,312,1
2993,225,304,1
2994,225,603,1
2995,225,236,1
2996,226,235,269
2997,226,297,1
2998,226,229,13
2999,226,294,161
3000,226,288,2
3001,226,436,1
3002,226,273,1
3003,226,232,5
3004,226,492,1
3005,226,391,1
3006,226,517,1
3007,226,599,1
3008,226,438,1
3009,226,249,1
3010,226,555,1
3011,226,414,3
3012,226,428,2
3013,226,274,4
3014,226,474,2
3015,226,607,1
3016,226,282,1
3017,226,405,1
3018,226,380,2
3019,226,312,1
3020,226,307,4
3021,226,318,1
3022,226,298,2
3023,226,305,1
3024,226,241,1
3025,226,553,1
3026,227,448,1
3027,227,318,1
3028,227,339,1
3029,227,254,1
3030,227,305,1
3031,227,420,1
3032,228,281,1
3033,229,274,13
3034,229,269,22
3035,229,235,11
3036,229,249,1
3037,230,233,1
3038,230,396,1
3039,230,308,1
3040,230,255,1
3041,230,387,1
3042,230,247,2
3043,230,274,1
3044,230,313,1
3045,230,551,1
3046,231,233,1
3047,231,497,1
3048,232,249,404
3049,232,240,1
3050,232,352,3
3051,232,483,1
3052,232,254,1
3053,232,385,1
3054,232,293,1
3055,232,563,1
3056,232,610,3
3057,232,288,10
3058,232,380,12
3059,232,274,15
3060,232,412,1
3061,232,564,3
3062,232,309,1
3063,232,534,1
3064,232,260,1
3065,232,388,1
3066,232,246,1
3067,232,307,5
3068,232,298,3
3069,232,414,10
3070,232,318,4
3071,232,308,2
3072,232,510,2
3073,232,590,1
3074,232,305,1
3075,232,428,1
3076,232,339,1
3077,232,438,4
3078,232,480,1
3079,232,408,1
3080,232,425,1
3081,232,369,1
3082,232,448,1
3083,232,474,1
3084,232,573,1
3085,232,381,1
3086,232,317,1
3087,232,271,1
3088,232,356,1
3089,232,280,1
3090,232,233,1
3091,232,387,1
3092,232,328,1
3093,232,306,1
3094,233,279,269
3095,233,284,1
3096,233,238,1
3097,233,271,1
3098,233,555,1
3099,233,305,2
3100,233,610,1
3101,233,414,1
3102,233,263,1
3103,233,424,1
3104,233,298,1
3105,233,322,1
3106,233,599,1
3107,233,274,1
3108,233,605,1
3109,233,564,1
3110,233,474,1
3111,234,373,1
3112,234,414,1
3113,234,307,1
3114,234,555,1
3115,234,531,1
3116,234,274,4
3117,234,380,1
3118,234,367,1
3119,234,583,1
3120,234,294,2
3121,234,599,1
3122,234,381,1
3123,234,288,3
3124,234,428,1
3125,234,421,1
3126,234,384,1
3127,234,448,1
3128,235,265,269
3129,235,394,1
3130,235,262,2
3131,235,266,1
3132,235,239,10
3133,235,263,4
3134,236,384,1
3135,236,391,1
3136,236,312,1
3137,236,292,1
3138,236,448,1
3139,237,268,1
3140,237,249,1
3141,238,294,1
3142,238,265,1
3143,238,314,1
3144,238,313,1
3145,238,317,1
3146,238,606,1
3147,238,288,2
3148,238,414,2
3149,238,275,1
3150,238,422,1
3151,239,249,317
3152,239,266,10
3153,239,368,1
3154,239,605,1
3155,240,269,122
3156,240,288,1
3157,240,600,1
3158,241,352,1
3159,241,275,1
3160,241,351,1
3161,241,390,1
3162,241,474,1
3163,241,346,1
3164,241,365,1
3165,241,318,1
3166,244,368,2
3167,244,308,1
3168,244,414,1
3169,244,288,2
3170,244,265,1
3171,244,294,1
3172,244,600,1
3173,244,603,1
3174,244,599,1
3175,245,329,1
3176,245,308,1
3177,245,474,1
3178,245,268,1
3179,245,265,1
3180,245,603,1
3181,245,462,1
3182,245,599,1
3183,245,307,1
3184,246,271,1
3185,246,288,1
3186,246,286,1
3187,246,298,1
3188,246,489,1
3189,246,307,1
3190,246,600,1
3191,246,405,1
3192,246,534,1
3193,246,414,1
3194,246,328,1
3195,247,600,1
3196,247,361,1
3197,247,313,1
3198,247,307,1
3199,247,517,1
3200,247,387,1
3201,247,271,1
3202,247,288,2
3203,247,279,2
3204,247,483,1
3205,247,509,1
3206,247,305,1
3207,247,298,1
3208,248,352,1
3209,248,305,1
3210,248,339,1
3211,248,380,1
3212,248,596,1
3213,249,276,390
3214,249,263,317
3215,249,454,1
3216,249,294,2
3217,249,325,1
3218,249,317,1
3219,249,279,1
3220,249,414,4
3221,249,318,8
3222,249,352,4
3223,249,274,8
3224,249,265,1
3225,249,292,8
3226,249,448,6
3227,249,288,2
3228,249,368,1
3229,249,307,4
3230,249,380,10
3231,249,316,1
3232,249,534,1
3233,249,462,1
3234,249,382,2
3235,249,408,2
3236,249,357,1
3237,249,480,1
3238,249,387,2
3239,249,599,3
3240,249,464,1
3241,249,610,4
3242,249,305,3
3243,249,564,1
3244,249,254,1
3245,249,381,1
3246,249,365,3
3247,249,339,1
3248,249,424,1
3249,249,306,3
3250,249,556,1
3251,249,561,1
3252,249,332,1
3253,250,288,1
3254,252,380,1
3255,252,328,1
3256,252,448,1
3257,253,603,1
3258,253,387,1
3259,253,606,1
3260,254,438,1
3261,254,305,1
3262,254,313,1
3263,254,345,1
3264,254,423,1
3265,254,397,1
3266,254,326,1
3267,254,387,1
3268,254,474,1
3269,254,414,1
3270,255,602,1
3271,255,279,1
3272,255,520,1
3273,255,281,1
3274,255,365,1
3275,255,474,2
3276,255,298,1
3277,255,416,1
3278,256,365,1
3279,256,305,1
3280,256,489,1
3281,256,298,1
3282,257,510,1
3283,257,283,1
3284,258,414,1
3285,258,567,1
3286,259,288,44
3287,259,266,1
3288,259,308,1
3289,260,346,1
3290,260,309,2
3291,260,263,1
3292,260,287,1
3293,260,412,1
3294,260,317,1
3295,260,414,1
3296,260,265,1
3297,260,274,2
3298,260,603,1
3299,260,307,2
3300,261,274,1
3301,262,470,1
3302,262,287,1
3303,262,414,1
3304,262,385,1
3305,262,368,1
3306,262,284,1
3307,262,453,1
3308,262,270,11
3309,262,536,1
3310,262,603,1
3311,262,429,1
3312,262,372,1
3313,262,266,1
3314,262,313,1
3315,262,329,1
3316,262,469,1
3317,263,264,317
3318,263,308,1
3319,263,294,2
3320,263,603,1
3321,263,414,3
3322,263,290,4
3323,263,266,1
3324,263,412,1
3325,263,383,1
3326,263,288,3
3327,263,391,1
3328,263,428,1
3329,263,298,2
3330,263,448,1
3331,263,311,1
3332,263,332,1
3333,264,274,317
3334,264,288,1
3335,265,266,269
3336,265,308,1
3337,265,411,1
3338,265,368,2
3339,265,307,2
3340,265,414,3
3341,265,309,2
3342,265,603,1
3343,265,286,1
3344,265,287,1
3345,265,387,1
3346,265,285,1
3347,265,294,2
3348,265,288,4
3349,265,422,1
3350,265,577,1
3351,265,555,1
3352,265,292,1
3353,265,474,1
3354,265,599,1
3355,265,438,1
3356,265,325,1
3357,265,448,1
3358,266,298,134
3359,266,269,269
3360,266,275,2
3361,266,368,1
3362,266,270,1
3363,266,274,36
3364,266,304,1
3365,266,307,1
3366,266,288,12
3367,266,294,3
3368,266,483,1
3369,266,603,1
3370,266,317,1
3371,266,414,3
3372,266,555,1
3373,266,268,2
3374,266,313,2
3375,266,448,1
3376,266,563,1
3377,266,606,1
3378,266,287,2
3379,266,328,1
3380,267,554,1
3381,267,312,1
3382,267,287,1
3383,267,474,1
3384,267,414,1
3385,268,372,1
3386,268,555,1
3387,268,325,4
3388,268,414,2
3389,268,308,1
3390,268,297,1
3391,268,356,1
3392,268,289,1
3393,268,462,1
3394,268,368,2
3395,268,304,1
3396,268,483,2
3397,268,438,1
3398,268,367,1
3399,268,313,2
3400,268,274,1
3401,268,288,4
3402,268,309,1
3403,268,369,1
3404,268,410,1
3405,268,387,2
3406,268,600,1
3407,268,307,1
3408,268,448,1
3409,269,288,122
3410,269,428,2
3411,269,270,291
3412,269,524,1
3413,269,283,1
3414,269,609,1
3415,270,302,106
3416,270,271,269
3417,270,479,1
3418,270,492,1
3419,270,337,11
3420,270,276,22
3421,270,297,2
3422,270,294,10
3423,270,423,1
3424,270,555,1
3425,270,529,1
3426,270,301,1
3427,270,353,2
3428,271,274,270
3429,271,307,1
3430,271,385,1
3431,271,313,1
3432,271,328,1
3433,272,497,1
3434,273,294,1
3435,273,541,1
3436,273,381,1
3437,273,314,1
3438,274,414,27
3439,274,282,306
3440,274,276,317
3441,274,284,13
3442,274,288,18
3443,274,436,1
3444,274,380,17
3445,274,294,1
3446,274,599,4
3447,274,368,3
3448,274,385,1
3449,274,315,1
3450,274,564,1
3451,274,448,11
3452,274,307,12
3453,274,275,1
3454,274,600,2
3455,274,438,3
3456,274,409,1
3457,274,555,1
3458,274,387,5
3459,274,292,1
3460,274,462,1
3461,274,607,1
3462,274,298,9
3463,274,313,2
3464,274,534,1
3465,274,453,1
3466,274,382,1
3467,274,318,3
3468,274,499,1
3469,274,331,2
3470,274,509,1
3471,274,312,1
3472,274,590,1
3473,274,474,1
3474,274,477,2
3475,274,610,3
3476,274,580,2
3477,274,480,2
3478,274,305,2
3479,274,381,1
3480,274,317,1
3481,274,339,1
3482,274,279,2
3483,274,352,1
3484,274,483,1
3485,274,287,1
3486,275,414,8
3487,275,603,1
3488,275,602,1
3489,275,280,1
3490,275,469,1
3491,275,517,1
3492,275,567,1
3493,275,367,1
3494,275,294,1
3495,275,391,4
3496,275,360,1
3497,275,330,1
3498,275,290,1
3499,275,422,1
3500,275,438,1
3501,275,286,1
3502,275,288,4
3503,275,606,4
3504,275,342,1
3505,275,546,1
3506,275,305,1
3507,275,331,1
3508,275,325,1
3509,275,292,1
3510,275,307,3
3511,275,387,1
3512,275,313,1
3513,275,474,2
3514,275,317,1
3515,275,298,1
3516,275,344,1
3517,275,427,1
3518,276,284,390
3519,276,277,317
3520,276,380,8
3521,276,321,22
3522,276,304,23
3523,276,381,1
3524,277,290,317
3525,279,283,269
3526,279,298,7
3527,279,394,1
3528,279,292,1
3529,279,305,3
3530,279,414,1
3531,279,534,1
3532,279,352,2
3533,279,287,1
3534,279,517,1
3535,279,380,1
3536,279,599,1
3537,279,448,2
3538,279,318,1
3539,279,567,1
3540,279,339,1
3541,279,365,1
3542,279,610,1
3543,280,307,1
3544,280,368,1
3545,280,288,1
3546,280,448,1
3547,280,346,1
3548,280,357,1
3549,280,298,1
3550,282,298,269
3551,282,305,1
3552,282,312,36
3553,282,288,1
3554,282,309,1
3555,282,474,1
3556,282,506,1
3557,282,318,1
3558,282,522,1
3559,283,293,269
3560,283,353,1
3561,283,492,1
3562,283,335,1
3563,283,307,1
3564,283,287,1
3565,283,595,1
3566,283,294,1
3567,284,304,390
3568,284,501,1
3569,284,301,13
3570,284,307,1
3571,284,446,1
3572,284,297,1
3573,284,314,1
3574,284,359,1
3575,284,380,1
3576,284,592,1
3577,285,489,1
3578,285,414,2
3579,285,318,1
3580,285,367,1
3581,285,445,1
3582,285,307,1
3583,286,304,1
3584,286,288,2
3585,286,322,1
3586,286,317,1
3587,287,288,1
3588,287,297,1
3589,287,318,1
3590,287,317,1
3591,287,410,1
3592,287,360,1
3593,287,422,1
3594,287,304,1
3595,287,603,1
3596,287,296,1
3597,287,414,2
3598,288,608,45
3599,288,414,25
3600,288,337,122
3601,288,437,2
3602,288,599,11
3603,288,297,2
3604,288,294,17
3605,288,385,1
3606,288,313,9
3607,288,305,1
3608,288,373,1
3609,288,411,1
3610,288,301,10
3611,288,391,3
3612,288,307,11
3613,288,368,23
3614,288,474,11
3615,288,481,1
3616,288,372,4
3617,288,603,6
3618,288,345,1
3619,288,387,6
3620,288,469,2
3621,288,333,1
3622,288,477,2
3623,288,290,2
3624,288,480,3
3625,288,600,1
3626,288,312,5
3627,288,304,1
3628,288,360,1
3629,288,292,8
3630,288,298,11
3631,288,453,1
3632,288,488,1
3633,288,448,10
3634,288,315,1
3635,288,555,7
3636,288,527,1
3637,288,327,1
3638,288,328,2
3639,288,384,2
3640,288,406,1
3641,288,489,1
3642,288,503,1
3643,288,605,2
3644,288,392,1
3645,288,428,1
3646,288,412,1
3647,288,409,1
3648,288,597,1
3649,288,607,1
3650,288,325,4
3651,288,571,3
3652,288,547,1
3653,288,380,9
3654,288,357,1
3655,288,560,1
3656,288,346,2
3657,288,419,1
3658,288,367,1
3659,288,381,2
3660,288,352,1
3661,288,496,1
3662,288,580,2
3663,288,320,1
3664,288,422,1
3665,288,410,1
3666,288,438,3
3667,288,306,1
3668,288,425,1
3669,288,427,1
3670,288,317,1
3671,288,590,1
3672,288,606,1
3673,288,289,1
3674,288,509,1
3675,288,382,1
3676,289,428,1
3677,289,599,1
3678,289,414,1
3679,290,291,317
3680,290,307,1
3681,290,387,2
3682,290,368,1
3683,290,414,3
3684,290,309,1
3685,290,609,1
3686,290,474,7
3687,290,322,4
3688,290,330,1
3689,290,312,1
3690,290,479,1
3691,290,603,3
3692,290,325,1
3693,290,575,1
3694,290,527,1
3695,290,597,1
3696,290,318,2
3697,290,342,1
3698,290,380,1
3699,290,367,1
3700,290,555,1
3701,290,420,1
3702,291,292,317
3703,292,307,318
3704,292,448,2
3705,292,328,1
3706,292,370,1
3707,292,317,3
3708,292,367,2
3709,292,368,3
3710,292,369,1
3711,292,294,1
3712,292,380,5
3713,292,391,1
3714,292,535,1
3715,292,474,1
3716,292,591,1
3717,292,313,1
3718,292,305,3
3719,292,384,1
3720,292,414,2
3721,292,587,1
3722,292,318,3
3723,292,599,2
3724,292,352,1
3725,292,381,1
3726,292,390,1
3727,292,480,1
3728,292,332,2
3729,292,298,2
3730,292,610,1
3731,292,339,1
3732,292,560,2
3733,292,483,1
3734,292,426,1
3735,292,606,1
3736,293,314,269
3737,293,372,1
3738,293,474,1
3739,293,490,1
3740,294,552,2
3741,294,524,1
3742,294,304,3
3743,294,299,160
3744,294,314,2
3745,294,368,8
3746,294,411,3
3747,294,599,5
3748,294,353,1
3749,294,414,8
3750,294,386,1
3751,294,576,1
3752,294,489,1
3753,294,307,6
3754,294,395,1
3755,294,597,3
3756,294,510,2
3757,294,603,3
3758,294,297,1
3759,294,541,1
3760,294,313,12
3761,294,500,1
3762,294,469,8
3763,294,448,7
3764,294,372,3
3765,294,335,1
3766,294,301,1
3767,294,474,4
3768,294,359,1
3769,294,367,1
3770,294,352,1
3771,294,387,3
3772,294,543,1
3773,294,608,2
3774,294,479,4
3775,294,298,2
3776,294,508,1
3777,294,325,5
3778,294,462,1
3779,294,428,1
3780,294,535,1
3781,294,409,2
3782,294,600,2
3783,294,342,1
3784,294,333,1
3785,294,453,1
3786,294,606,2
3787,294,377,1
3788,294,381,1
3789,296,434,1
3790,296,391,1
3791,296,370,1
3792,297,307,1
3793,297,437,1
3794,297,313,2
3795,297,308,1
3796,297,414,1
3797,297,386,1
3798,297,559,1
3799,297,302,1
3800,297,301,1
3801,297,597,1
3802,297,334,1
3803,297,453,1
3804,297,372,1
3805,297,474,1
3806,297,368,1
3807,298,412,134
3808,298,304,269
3809,298,305,12
3810,298,313,1
3811,298,409,1
3812,298,312,1
3813,298,510,1
3814,298,528,1
3815,298,334,1
3816,298,332,1
3817,298,307,9
3818,298,380,3
3819,298,555,1
3820,298,357,2
3821,298,323,2
3822,298,317,9
3823,298,410,1
3824,298,599,9
3825,298,606,1
3826,298,339,2
3827,298,414,8
3828,298,474,1
3829,298,428,2
3830,298,318,3
3831,298,600,1
3832,298,453,1
3833,298,480,2
3834,298,422,1
3835,298,368,1
3836,298,391,1
3837,298,484,1
3838,298,331,3
3839,298,387,2
3840,298,381,2
3841,298,393,2
3842,298,580,1
3843,298,448,16
3844,298,475,1
3845,298,328,4
3846,298,427,2
3847,298,426,1
3848,298,352,3
3849,298,495,1
3850,298,438,1
3851,298,489,2
3852,298,504,1
3853,298,477,1
3854,298,514,1
3855,298,596,1
3856,298,567,2
3857,298,365,1
3858,298,306,2
3859,298,564,1
3860,298,560,3
3861,298,308,2
3862,298,490,2
3863,298,326,2
3864,298,534,1
3865,298,517,1
3866,298,356,1
3867,298,526,1
3868,298,542,1
3869,298,511,1
3870,298,509,1
3871,298,525,1
3872,299,308,160
3873,299,372,1
3874,301,304,13
3875,301,339,1
3876,301,302,10
3877,301,307,1
3878,301,474,1
3879,301,314,1
3880,301,546,1
3881,301,387,1
3882,301,535,1
3883,301,345,1
3884,301,365,1
3885,301,356,1
3886,302,321,106
3887,302,414,1
3888,302,304,10
3889,302,470,1
3890,302,372,1
3891,303,313,1
3892,304,323,391
3893,304,312,269
3894,304,308,2
3895,304,313,13
3896,304,314,23
3897,304,566,1
3898,304,428,1
3899,304,386,10
3900,304,368,3
3901,304,469,1
3902,304,414,1
3903,304,448,1
3904,304,367,1
3905,304,317,1
3906,305,373,1
3907,305,328,3
3908,305,382,1
3909,305,380,7
3910,305,599,3
3911,305,318,7
3912,305,534,2
3913,305,567,2
3914,305,474,1
3915,305,418,1
3916,305,448,2
3917,305,381,3
3918,305,496,1
3919,305,428,1
3920,305,317,2
3921,305,369,1
3922,305,309,1
3923,305,491,1
3924,305,515,1
3925,305,514,2
3926,305,339,4
3927,305,561,1
3928,305,590,1
3929,305,365,1
3930,305,352,2
3931,305,509,2
3932,305,306,2
3933,305,331,2
3934,305,414,1
3935,305,366,1
3936,305,503,1
3937,305,326,1
3938,305,390,1
3939,305,610,1
3940,306,610,3
3941,306,417,1
3942,306,393,1
3943,306,352,2
3944,306,362,1
3945,306,365,1
3946,306,563,1
3947,306,317,2
3948,306,331,1
3949,306,514,1
3950,306,560,1
3951,306,475,1
3952,306,564,1
3953,306,506,1
3954,306,495,1
3955,306,509,1
3956,306,525,1
3957,307,591,1
3958,307,330,317
3959,307,373,2
3960,307,323,1
3961,307,436,1
3962,307,350,1
3963,307,462,1
3964,307,411,1
3965,307,414,19
3966,307,308,1
3967,307,311,1
3968,307,385,1
3969,307,599,17
3970,307,325,4
3971,307,469,2
3972,307,358,1
3973,307,387,10
3974,307,309,1
3975,307,493,1
3976,307,555,1
3977,307,315,1
3978,307,474,3
3979,307,339,2
3980,307,356,2
3981,307,473,1
3982,307,571,2
3983,307,380,7
3984,307,503,1
3985,307,368,3
3986,307,603,1
3987,307,600,2
3988,307,535,1
3989,307,344,1
3990,307,312,1
3991,307,313,2
3992,307,608,1
3993,307,606,1
3994,307,331,1
3995,307,391,1
3996,307,428,1
3997,307,317,1
3998,307,448,6
3999,307,333,1
4000,307,381,1
4001,307,480,4
4002,307,610,4
4003,307,489,1
4004,307,483,1
4005,307,509,2
4006,307,382,1
4007,307,318,4
4008,307,484,1
4009,307,438,1
4010,307,357,2
4011,307,482,1
4012,307,361,1
4013,307,563,1
4014,307,564,1
4015,307,560,1
4016,307,408,1
4017,308,373,2
4018,308,328,3
4019,308,322,161
4020,308,600,2
4021,308,386,2
4022,308,385,1
4023,308,524,1
4024,308,314,1
4025,308,527,1
4026,308,500,1
4027,308,313,1
4028,308,413,1
4029,308,587,1
4030,308,391,1
4031,308,472,1
4032,308,387,1
4033,308,380,1
4034,308,443,1
4035,308,365,1
4036,309,412,1
4037,309,387,2
4038,309,414,1
4039,309,372,1
4040,309,599,1
4041,309,317,1
4042,309,330,1
4043,309,313,1
4044,309,603,1
4045,309,367,1
4046,309,359,1
4047,309,384,1
4048,309,462,1
4049,309,474,1
4050,309,514,1
4051,309,480,1
4052,309,488,1
4053,310,510,1
4054,311,373,1
4055,311,331,1
4056,311,599,1
4057,311,356,1
4058,312,313,271
4059,312,318,36
4060,312,414,2
4061,312,368,2
4062,312,405,1
4063,312,380,2
4064,312,483,1
4065,312,351,1
4066,312,474,1
4067,312,469,1
4068,312,352,1
4069,312,457,1
4070,312,555,1
4071,312,610,1
4072,312,325,1
4073,312,387,3
4074,312,317,1
4075,312,606,1
4076,312,514,1
4077,313,317,269
4078,313,322,14
4079,313,314,12
4080,313,483,3
4081,313,555,2
4082,313,600,3
4083,313,453,1
4084,313,474,3
4085,313,517,1
4086,313,324,1
4087,313,554,1
4088,313,332,1
4089,313,372,1
4090,313,368,6
4091,313,489,2
4092,313,398,1
4093,313,422,1
4094,313,428,3
4095,313,577,1
4096,313,414,7
4097,313,580,1
4098,313,493,1
4099,313,603,1
4100,313,469,2
4101,313,416,1
4102,313,325,2
4103,313,381,1
4104,313,328,1
4105,313,380,2
4106,313,391,2
4107,313,365,1
4108,313,448,1
4109,313,532,1
4110,313,520,1
4111,313,599,1
4112,314,414,1
4113,314,372,269
4114,314,337,2
4115,314,541,1
4116,314,402,1
4117,314,483,160
4118,314,331,1
4119,314,592,1
4120,314,323,2
4121,314,373,1
4122,314,489,23
4123,314,411,1
4124,314,325,1
4125,314,385,11
4126,314,353,1
4127,314,386,1
4128,314,603,1
4129,314,387,1
4130,315,385,1
4131,315,325,1
4132,315,555,1
4133,315,414,1
4134,315,571,1
4135,315,469,1
4136,316,356,1
4137,317,325,269
4138,317,599,5
4139,317,380,2
4140,317,483,1
4141,317,381,1
4142,317,369,1
4143,317,434,2
4144,317,368,1
4145,317,328,2
4146,317,387,3
4147,317,603,1
4148,317,591,1
4149,317,474,1
4150,317,365,2
4151,317,391,1
4152,317,428,1
4153,317,489,1
4154,317,448,2
4155,317,332,1
4156,317,326,2
4157,317,318,3
4158,317,610,2
4159,317,408,1
4160,317,414,1
4161,317,490,2
4162,317,551,1
4163,318,599,4
4164,318,325,40
4165,318,387,5
4166,318,414,7
4167,318,357,1
4168,318,352,2
4169,318,408,1
4170,318,474,2
4171,318,380,4
4172,318,448,2
4173,318,331,6
4174,318,324,1
4175,318,495,2
4176,318,326,2
4177,318,391,1
4178,318,477,3
4179,318,418,1
4180,318,322,1
4181,318,346,2
4182,318,425,1
4183,318,365,1
4184,318,356,1
4185,318,361,1
4186,318,608,1
4187,318,610,2
4188,318,339,4
4189,318,462,3
4190,318,590,1
4191,318,489,1
4192,318,426,1
4193,318,509,4
4194,318,606,2
4195,318,328,1
4196,318,483,1
4197,318,517,1
4198,320,368,1
4199,320,380,1
4200,321,330,106
4201,321,353,22
4202,321,373,1
4203,322,340,13
4204,322,347,164
4205,322,387,1
4206,322,428,1
4207,322,448,1
4208,322,599,1
4209,322,343,1
4210,322,345,1
4211,322,332,1
4212,323,353,390
4213,323,404,1
4214,323,436,1
4215,323,349,1
4216,323,446,1
4217,323,325,1
4218,323,474,1
4219,323,352,1
4220,324,325,1
4221,324,414,3
4222,324,480,1
4223,324,599,1
4224,324,590,1
4225,325,337,269
4226,325,603,2
4227,325,606,3
4228,325,336,36
4229,325,387,2
4230,325,368,7
4231,325,345,1
4232,325,346,1
4233,325,392,1
4234,325,391,1
4235,325,464,1
4236,325,352,1
4237,325,414,10
4238,325,500,1
4239,325,371,1
4240,325,442,1
4241,325,499,1
4242,325,469,1
4243,325,357,1
4244,325,590,2
4245,325,383,1
4246,325,474,5
4247,325,597,1
4248,325,580,1
4249,325,555,2
4250,325,428,1
4251,325,610,1
4252,325,599,2
4253,325,380,1
4254,325,479,1
4255,326,387,1
4256,326,414,5
4257,326,608,1
4258,326,419,1
4259,326,474,1
4260,326,343,1
4261,326,351,2
4262,326,480,1
4263,326,365,1
4264,326,390,1
4265,326,339,1
4266,326,600,1
4267,326,361,1
4268,327,525,1
4269,327,554,1
4270,328,476,2
4271,328,603,1
4272,328,330,1
4273,328,401,1
4274,328,536,1
4275,328,342,1
4276,328,329,1
4277,328,509,2
4278,328,469,1
4279,328,462,1
4280,328,474,1
4281,328,483,1
4282,328,391,1
4283,328,339,1
4284,328,599,1
4285,328,587,1
4286,328,331,2
4287,328,365,1
4288,328,534,2
4289,328,586,1
4290,328,567,1
4291,328,517,1
4292,328,506,1
4293,328,522,1
4294,328,448,1
4295,328,332,1
4296,328,408,1
4297,328,413,1
4298,329,520,1
4299,330,368,106
4300,330,332,317
4301,330,373,2
4302,330,341,1
4303,330,474,1
4304,330,383,1
4305,330,387,1
4306,330,480,1
4307,330,420,1
4308,331,353,1
4309,331,561,1
4310,331,445,1
4311,331,391,1
4312,331,332,1
4313,331,448,2
4314,331,387,1
4315,331,357,1
4316,331,430,1
4317,331,428,1
4318,331,474,1
4319,331,381,1
4320,331,509,3
4321,331,414,2
4322,331,573,1
4323,331,365,1
4324,331,432,1
4325,331,489,1
4326,331,517,1
4327,331,586,1
4328,331,352,1
4329,331,525,1
4330,331,408,1
4331,331,356,1
4332,332,336,317
4333,332,469,1
4334,332,520,1
4335,332,508,1
4336,332,599,1
4337,332,474,1
4338,332,573,1
4339,332,414,1
4340,332,339,1
4341,332,387,1
4342,332,490,1
4343,332,448,1
4344,332,480,1
4345,332,380,1
4346,332,356,1
4347,333,368,1
4348,333,367,1
4349,333,603,1
4350,333,480,1
4351,334,376,1
4352,334,448,1
4353,334,391,1
4354,334,380,1
4355,334,414,1
4356,334,351,1
4357,334,600,1
4358,335,350,1
4359,335,480,1
4360,336,337,317
4361,336,339,36
4362,337,410,122
4363,337,385,1
4364,337,350,280
4365,337,339,317
4366,337,470,1
4367,337,389,46
4368,337,346,1
4369,339,350,317
4370,339,353,36
4371,339,414,4
4372,339,359,1
4373,339,365,2
4374,339,580,1
4375,339,448,4
4376,339,354,1
4377,339,380,2
4378,339,567,1
4379,339,484,1
4380,339,351,1
4381,339,610,2
4382,339,362,1
4383,339,561,1
4384,339,525,1
4385,339,381,1
4386,339,352,1
4387,340,347,13
4388,341,386,1
4389,341,365,1
4390,341,483,1
4391,342,368,2
4392,342,351,1
4393,342,608,1
4394,342,409,1
4395,342,414,1
4396,342,383,1
4397,342,422,1
4398,342,392,1
4399,343,480,1
4400,343,454,1
4401,343,474,1
4402,343,497,1
4403,343,380,1
4404,344,409,1
4405,344,391,1
4406,344,365,1
4407,344,517,1
4408,345,385,1
4409,345,440,1
4410,345,380,1
4411,345,357,1
4412,345,469,1
4413,345,414,1
4414,346,372,1
4415,346,606,2
4416,346,389,1
4417,346,409,1
4418,346,414,3
4419,346,357,1
4420,346,599,1
4421,346,552,1
4422,346,603,1
4423,346,387,2
4424,346,474,1
4425,346,477,1
4426,346,359,1
4427,346,514,1
4428,347,349,13
4429,347,357,160
4430,347,353,4
4431,348,590,1
4432,348,381,1
4433,349,438,13
4434,349,368,1
4435,349,351,1
4436,350,354,269
4437,350,359,317
4438,350,411,11
4439,350,474,1
4440,350,414,1
4441,350,448,1
4442,351,380,1
4443,351,555,1
4444,351,358,1
4445,351,560,2
4446,351,599,1
4447,351,425,1
4448,351,357,1
4449,351,454,1
4450,352,599,1
4451,352,495,1
4452,352,610,1
4453,352,356,1
4454,352,412,1
4455,352,608,1
4456,352,414,4
4457,352,469,1
4458,352,560,2
4459,352,380,7
4460,352,475,2
4461,352,509,2
4462,352,362,1
4463,352,462,1
4464,352,474,1
4465,352,358,1
4466,352,420,1
4467,352,590,1
4468,352,448,1
4469,352,390,1
4470,352,490,1
4471,353,381,390
4472,353,500,1
4473,353,368,2
4474,353,602,1
4475,353,402,22
4476,353,362,36
4477,353,559,1
4478,353,372,5
4479,353,474,1
4480,353,364,2
4481,354,372,269
4482,354,542,1
4483,354,387,1
4484,354,380,1
4485,354,438,1
4486,355,368,1
4487,355,367,1
4488,356,474,1
4489,356,359,1
4490,356,414,2
4491,356,599,1
4492,356,365,1
4493,356,448,3
4494,356,462,2
4495,356,606,1
4496,356,596,1
4497,356,506,1
4498,356,358,1
4499,356,526,1
4500,357,373,160
4501,357,469,1
4502,357,606,1
4503,357,448,1
4504,357,410,2
4505,357,422,1
4506,357,603,1
4507,357,367,1
4508,357,428,1
4509,357,381,1
4510,357,477,1
4511,357,563,1
4512,357,510,1
4513,357,474,1
4514,357,509,1
4515,357,380,1
4516,357,495,1
4517,357,382,1
4518,358,414,1
4519,358,380,1
4520,358,483,1
4521,359,385,317
4522,359,436,1
4523,359,514,1
4524,359,391,1
4525,359,387,2
4526,359,380,1
4527,359,414,2
4528,359,365,1
4529,360,368,2
4530,361,363,1
4531,361,387,1
4532,361,414,1
4533,361,365,1
4534,361,599,1
4535,361,600,1
4536,362,368,36
4537,362,610,2
4538,362,599,1
4539,363,370,1
4540,364,389,2
4541,365,445,2
4542,365,380,2
4543,365,413,1
4544,365,448,5
4545,365,407,1
4546,365,422,1
4547,365,416,1
4548,365,381,2
4549,365,387,1
4550,365,534,1
4551,365,564,2
4552,365,610,1
4553,365,496,1
4554,365,525,1
4555,365,490,1
4556,365,408,1
4557,365,471,1
4558,365,482,1
4559,365,514,1
4560,367,469,1
4561,367,372,1
4562,367,385,1
4563,367,555,1
4564,367,414,1
4565,367,603,2
4566,367,474,2
4567,367,587,1
4568,367,410,1
4569,367,387,2
4570,367,599,1
4571,368,448,112
4572,368,372,7
4573,368,386,2
4574,368,414,40
4575,368,411,2
4576,368,391,44
4577,368,555,5
4578,368,541,1
4579,368,469,7
4580,368,409,1
4581,368,437,1
4582,368,422,2
4583,368,489,1
4584,368,597,1
4585,368,527,1
4586,368,510,2
4587,368,474,7
4588,368,387,3
4589,368,385,2
4590,368,467,1
4591,368,380,6
4592,368,481,1
4593,368,599,3
4594,368,383,1
4595,368,517,2
4596,368,605,1
4597,368,381,1
4598,368,547,1
4599,368,577,1
4600,368,603,4
4601,368,412,1
4602,368,546,4
4603,368,403,2
4604,368,479,1
4605,368,580,1
4606,368,608,1
4607,368,465,1
4608,368,514,2
4609,368,552,1
4610,369,570,1
4611,369,469,1
4612,369,414,2
4613,369,547,1
4614,369,480,1
4615,369,489,1
4616,369,599,1
4617,370,497,1
4618,370,546,1
4619,370,434,1
4620,370,483,1
4621,371,448,1
4622,372,373,538
4623,372,483,2
4624,372,414,10
4625,372,607,1
4626,372,597,1
4627,372,385,5
4628,372,467,1
4629,372,410,1
4630,372,404,5
4631,372,474,4
4632,372,571,1
4633,372,599,3
4634,372,411,1
4635,372,384,2
4636,372,448,1
4637,372,579,1
4638,372,422,1
4639,372,600,2
4640,372,391,2
4641,372,555,1
4642,372,420,1
4643,372,387,2
4644,372,603,1
4645,372,481,1
4646,372,434,1
4647,372,470,1
4648,373,391,269
4649,373,385,269
4650,373,428,2
4651,373,387,1
4652,373,395,161
4653,373,414,4
4654,373,483,1
4655,373,404,1
4656,373,436,2
4657,373,380,1
4658,373,381,1
4659,373,384,1
4660,373,467,1
4661,373,446,1
4662,374,529,1
4663,376,405,1
4664,377,555,1
4665,377,414,1
4666,377,387,1
4667,377,474,1
4668,380,483,109
4669,380,428,6
4670,380,604,1
4671,380,438,6
4672,380,414,19
4673,380,387,13
4674,380,474,5
4675,380,590,3
4676,380,448,13
4677,380,391,3
4678,380,599,7
4679,380,610,11
4680,380,480,6
4681,380,600,1
4682,380,608,1
4683,380,382,3
4684,380,596,3
4685,380,469,1
4686,380,603,1
4687,380,580,1
4688,380,462,2
4689,380,453,1
4690,380,555,1
4691,380,430,1
4692,380,586,2
4693,380,534,6
4694,380,525,3
4695,380,606,2
4696,380,427,1
4697,380,567,2
4698,380,514,4
4699,380,509,2
4700,380,420,1
4701,380,408,2
4702,380,482,1
4703,380,517,1
4704,380,419,1
4705,380,561,1
4706,380,601,1
4707,380,511,1
4708,380,506,1
4709,380,484,1
4710,380,477,2
4711,381,411,390
4712,381,386,1
4713,381,509,3
4714,381,583,1
4715,381,492,1
4716,381,517,2
4717,381,603,1
4718,381,561,3
4719,381,474,2
4720,381,448,2
4721,381,414,5
4722,381,426,1
4723,381,599,1
4724,381,393,1
4725,381,567,1
4726,381,425,2
4727,381,563,1
4728,381,428,1
4729,381,590,1
4730,381,593,1
4731,381,560,1
4732,382,414,3
4733,382,563,1
4734,382,480,1
4735,382,384,1
4736,382,438,1
4737,382,427,1
4738,382,474,1
4739,382,448,1
4740,382,506,1
4741,382,534,1
4742,382,586,1
4743,383,387,1
4744,383,597,1
4745,383,428,1
4746,383,384,1
4747,383,474,1
4748,384,489,2
4749,384,474,3
4750,384,414,2
4751,384,462,2
4752,384,457,1
4753,384,391,1
4754,384,555,1
4755,384,448,1
4756,384,387,1
4757,385,437,1
4758,385,389,269
4759,385,399,317
4760,385,451,1
4761,385,386,12
4762,385,602,2
4763,385,483,1
4764,385,479,2
4765,385,414,5
4766,385,599,2
4767,385,411,1
4768,385,610,1
4769,385,395,1
4770,385,436,1
4771,385,517,1
4772,385,392,1
4773,385,603,2
4774,385,428,1
4775,385,409,1
4776,385,410,1
4777,385,570,1
4778,385,577,1
4779,385,448,1
4780,385,391,1
4781,386,391,2
4782,386,479,1
4783,386,486,1
4784,386,541,1
4785,386,536,1
4786,386,468,1
4787,386,474,1
4788,386,402,2
4789,386,428,1
4790,386,414,10
4791,386,411,10
4792,386,394,1
4793,387,469,4
4794,387,412,1
4795,387,391,1
4796,387,541,1
4797,387,414,21
4798,387,388,1
4799,387,394,1
4800,387,600,6
4801,387,445,1
4802,387,474,21
4803,387,395,1
4804,387,524,1
4805,387,546,1
4806,387,599,10
4807,387,448,6
4808,387,462,3
4809,387,597,1
4810,387,555,3
4811,387,453,1
4812,387,481,1
4813,387,425,1
4814,387,608,1
4815,387,603,3
4816,387,545,1
4817,387,514,2
4818,387,480,5
4819,387,606,4
4820,387,571,1
4821,387,535,1
4822,387,409,2
4823,387,500,1
4824,387,410,1
4825,387,525,1
4826,387,415,1
4827,387,610,5
4828,387,420,2
4829,387,489,2
4830,387,452,1
4831,387,428,1
4832,387,454,1
4833,387,487,1
4834,387,590,2
4835,387,477,1
4836,387,393,2
4837,387,483,1
4838,387,490,1
4839,387,580,1
4840,387,484,1
4841,387,517,1
4842,387,567,1
4843,387,397,1
4844,387,424,1
4845,387,405,1
4846,388,600,1
4847,388,414,1
4848,389,391,269
4849,389,404,1
4850,389,402,2
4851,390,414,1
4852,390,517,1
4853,390,448,1
4854,390,432,1
4855,390,506,1
4856,390,509,1
4857,391,480,270
4858,391,425,305
4859,391,395,1
4860,391,536,1
4861,391,414,13
4862,391,428,6
4863,391,597,2
4864,391,474,5
4865,391,607,1
4866,391,606,1
4867,391,603,6
4868,391,517,2
4869,391,524,1
4870,391,555,2
4871,391,401,1
4872,391,453,1
4873,391,500,1
4874,391,409,2
4875,391,410,2
4876,391,571,1
4877,391,489,2
4878,391,457,1
4879,391,599,1
4880,391,448,4
4881,391,558,1
4882,391,483,1
4883,392,563,1
4884,392,414,2
4885,392,448,1
4886,392,474,1
4887,393,448,1
4888,393,414,2
4889,393,567,1
4890,393,483,1
4891,394,485,1
4892,394,395,1
4893,394,428,1
4894,395,414,161
4895,395,411,1
4896,395,599,1
4897,395,428,2
4898,395,474,1
4899,395,605,1
4900,396,502,1
4901,397,477,1
4902,397,414,3
4903,397,464,1
4904,398,428,1
4905,399,414,317
4906,401,534,1
4907,401,416,1
4908,401,487,1
4909,401,525,1
4910,402,414,1
4911,402,448,22
4912,402,404,1
4913,402,411,1
4914,402,437,2
4915,403,414,1
4916,403,590,1
4917,404,411,7
4918,404,602,1
4919,404,414,1
4920,405,435,1
4921,405,414,1
4922,405,606,1
4923,405,560,1
4924,406,428,1
4925,407,448,1
4926,408,509,1
4927,408,593,1
4928,408,480,1
4929,408,448,2
4930,408,414,3
4931,408,561,2
4932,408,534,1
4933,409,562,1
4934,409,414,5
4935,409,474,1
4936,409,462,2
4937,409,535,1
4938,409,448,3
4939,409,424,1
4940,409,599,1
4941,410,414,127
4942,410,429,1
4943,410,420,1
4944,410,469,2
4945,410,597,1
4946,410,474,1
4947,410,463,1
4948,410,599,1
4949,410,528,1
4950,410,558,1
4951,410,448,1
4952,411,432,390
4953,411,425,1
4954,411,414,23
4955,411,603,1
4956,411,436,2
4957,411,541,1
4958,411,462,1
4959,411,566,1
4960,411,448,1
4961,411,539,1
4962,411,437,1
4963,411,451,1
4964,411,489,1
4965,411,483,1
4966,411,450,1
4967,411,522,1
4968,411,438,4
4969,412,414,3
4970,412,415,1
4971,412,474,1
4972,412,481,1
4973,412,606,1
4974,412,583,1
4975,412,575,1
4976,412,580,1
4977,412,448,1
4978,413,462,1
4979,413,517,1
4980,413,514,1
4981,414,437,10
4982,414,436,7
4983,414,492,123
4984,414,524,4
4985,414,420,319
4986,414,474,65
4987,414,462,8
4988,414,438,20
4989,414,484,1
4990,414,599,40
4991,414,425,162
4992,414,448,52
4993,414,597,9
4994,414,559,2
4995,414,477,4
4996,414,587,1
4997,414,600,5
4998,414,451,11
4999,414,479,8
5000,414,541,2
5001,414,603,17
5002,414,592,1
5003,414,555,16
5004,414,602,1
5005,414,469,24
5006,414,444,10
5007,414,609,1
5008,414,605,2
5009,414,454,1
5010,414,452,3
5011,414,608,6
5012,414,432,4
5013,414,590,7
5014,414,428,10
5015,414,509,3
5016,414,558,2
5017,414,440,2
5018,414,493,1
5019,414,483,7
5020,414,572,1
5021,414,481,1
5022,414,453,7
5023,414,480,8
5024,414,577,3
5025,414,571,2
5026,414,610,13
5027,414,560,4
5028,414,535,2
5029,414,606,5
5030,414,514,2
5031,414,551,2
5032,414,422,8
5033,414,552,3
5034,414,527,1
5035,414,421,1
5036,414,473,1
5037,414,489,3
5038,414,450,1
5039,414,419,2
5040,414,525,2
5041,414,487,1
5042,414,427,7
5043,414,416,1
5044,414,503,1
5045,414,564,1
5046,414,522,2
5047,414,580,2
5048,414,563,1
5049,414,573,1
5050,414,506,3
5051,414,515,1
5052,414,517,1
5053,414,567,1
5054,414,578,1
5055,414,505,1
5056,414,434,1
5057,414,490,1
5058,414,491,1
5059,414,534,2
5060,415,469,1
5061,415,448,1
5062,416,549,1
5063,416,483,1
5064,416,428,1
5065,416,448,1
5066,416,517,1
5067,416,425,1
5068,416,489,1
5069,417,599,1
5070,418,490,1
5071,419,501,1
5072,419,480,1
5073,419,525,1
5074,419,448,1
5075,420,422,317
5076,420,547,1
5077,420,448,1
5078,420,438,1
5079,420,428,1
5080,420,474,3
5081,420,462,1
5082,420,425,1
5083,420,445,1
5084,420,464,1
5085,421,597,1
5086,421,608,1
5087,421,460,1
5088,422,434,317
5089,422,431,1
5090,422,497,1
5091,422,477,1
5092,422,555,1
5093,422,474,7
5094,422,608,1
5095,422,480,1
5096,422,603,1
5097,422,571,1
5098,422,599,1
5099,422,469,2
5100,422,590,2
5101,422,606,2
5102,422,448,1
5103,422,552,1
5104,423,428,1
5105,423,600,1
5106,424,600,1
5107,424,560,2
5108,424,599,1
5109,425,437,269
5110,425,488,1
5111,425,446,161
5112,425,434,36
5113,425,448,1
5114,425,462,1
5115,425,600,1
5116,425,599,1
5117,425,561,1
5118,425,438,1
5119,425,590,1
5120,426,448,2
5121,426,489,1
5122,426,449,1
5123,426,438,1
5124,426,514,1
5125,426,543,1
5126,427,430,1
5127,427,593,1
5128,427,438,2
5129,427,558,2
5130,427,480,4
5131,427,428,1
5132,428,520,1
5133,428,483,4
5134,428,599,3
5135,428,510,1
5136,428,446,1
5137,428,559,1
5138,428,457,1
5139,428,469,2
5140,428,458,1
5141,428,517,3
5142,428,462,2
5143,428,597,1
5144,428,608,1
5145,428,603,2
5146,428,474,9
5147,428,561,2
5148,428,500,1
5149,428,555,1
5150,428,448,6
5151,428,596,1
5152,428,430,1
5153,428,598,1
5154,428,590,2
5155,428,438,3
5156,428,593,1
5157,428,528,1
5158,428,610,1
5159,428,580,1
5160,428,459,1
5161,429,600,1
5162,429,541,1
5163,430,479,1
5164,430,445,1
5165,431,599,1
5166,431,597,1
5167,432,436,390
5168,432,474,1
5169,432,603,1
5170,432,600,2
5171,432,480,1
5172,432,580,1
5173,432,482,1
5174,432,448,1
5175,433,561,1
5176,434,436,317
5177,434,444,36
5178,434,600,1
5179,434,451,1
5180,434,477,1
5181,434,469,1
5182,434,453,1
5183,434,525,1
5184,434,493,1
5185,434,479,1
5186,434,593,1
5187,434,474,1
5188,434,489,1
5189,435,438,1
5190,436,458,391
5191,436,501,7
5192,436,443,317
5193,436,541,1
5194,436,444,1
5195,436,599,1
5196,436,447,1
5197,436,474,2
5198,436,608,2
5199,437,489,6
5200,437,474,1
5201,437,438,269
5202,437,470,1
5203,437,501,1
5204,437,480,2
5205,437,446,1
5206,437,448,1
5207,437,555,1
5208,437,600,1
5209,437,594,1
5210,438,446,273
5211,438,448,20
5212,438,584,1
5213,438,599,4
5214,438,478,1
5215,438,445,1
5216,438,525,1
5217,438,555,1
5218,438,453,2
5219,438,603,1
5220,438,579,1
5221,438,474,2
5222,438,610,2
5223,438,480,9
5224,438,573,1
5225,438,563,2
5226,438,606,2
5227,438,509,2
5228,438,608,1
5229,438,477,1
5230,438,484,1
5231,438,489,1
5232,438,482,1
5233,440,474,1
5234,440,555,1
5235,440,448,1
5236,442,603,1
5237,442,572,1
5238,443,468,317
5239,444,446,1
5240,444,451,36
5241,444,462,10
5242,445,603,1
5243,445,469,1
5244,445,462,1
5245,445,477,1
5246,445,483,1
5247,445,567,1
5248,445,489,1
5249,445,464,1
5250,446,449,269
5251,446,448,160
5252,446,447,1
5253,446,480,1
5254,446,485,1
5255,446,599,1
5256,446,530,1
5257,446,455,4
5258,447,462,1
5259,447,474,1
5260,448,456,106
5261,448,452,13
5262,448,529,1
5263,448,470,160
5264,448,451,22
5265,448,599,18
5266,448,524,1
5267,448,597,1
5268,448,537,1
5269,448,608,8
5270,448,600,2
5271,448,474,16
5272,448,583,2
5273,448,462,4
5274,448,576,1
5275,448,590,6
5276,448,469,8
5277,448,464,2
5278,448,572,1
5279,448,493,1
5280,448,606,6
5281,448,603,5
5282,448,555,4
5283,448,552,1
5284,448,483,4
5285,448,546,1
5286,448,535,1
5287,448,489,3
5288,448,482,2
5289,448,465,1
5290,448,577,2
5291,448,510,1
5292,448,509,8
5293,448,519,1
5294,448,534,5
5295,448,610,10
5296,448,561,9
5297,448,457,1
5298,448,560,4
5299,448,453,5
5300,448,580,1
5301,448,480,4
5302,448,495,1
5303,448,514,3
5304,448,517,3
5305,448,527,1
5306,448,525,4
5307,448,479,2
5308,448,477,1
5309,448,558,1
5310,448,487,2
5311,448,564,4
5312,448,563,2
5313,448,567,3
5314,448,596,2
5315,448,460,1
5316,448,551,1
5317,448,496,1
5318,448,582,1
5319,449,468,269
5320,449,490,1
5321,449,497,1
5322,450,522,1
5323,450,608,1
5324,451,470,11
5325,451,456,22
5326,451,480,36
5327,451,469,1
5328,451,489,1
5329,452,458,13
5330,452,524,1
5331,452,474,1
5332,452,469,1
5333,453,469,4
5334,453,474,4
5335,453,509,1
5336,453,542,1
5337,453,603,3
5338,453,489,1
5339,453,597,2
5340,453,599,2
5341,453,483,1
5342,453,610,2
5343,453,480,2
5344,453,600,1
5345,454,567,1
5346,454,603,1
5347,454,474,1
5348,454,551,1
5349,454,599,1
5350,455,514,4
5351,456,470,106
5352,456,458,22
5353,456,492,1
5354,457,567,1
5355,457,575,1
5356,457,479,1
5357,457,600,1
5358,457,552,1
5359,458,476,391
5360,458,480,13
5361,458,470,23
5362,458,492,1
5363,459,580,1
5364,460,509,1
5365,460,610,1
5366,462,492,1
5367,462,597,2
5368,462,470,1
5369,462,514,1
5370,462,570,1
5371,462,474,20
5372,462,555,2
5373,462,599,4
5374,462,603,2
5375,462,469,3
5376,462,534,1
5377,462,567,1
5378,462,483,1
5379,462,606,1
5380,462,580,1
5381,462,610,2
5382,462,480,1
5383,462,590,1
5384,462,522,1
5385,462,560,1
5386,463,474,1
5387,464,469,1
5388,464,483,1
5389,464,490,1
5390,464,561,1
5391,464,610,1
5392,464,590,1
5393,465,606,1
5394,465,597,1
5395,465,469,1
5396,465,474,1
5397,465,603,1
5398,467,593,1
5399,467,572,1
5400,468,474,269
5401,468,469,317
5402,468,600,1
5403,469,470,327
5404,469,483,2
5405,469,480,3
5406,469,599,8
5407,469,580,1
5408,469,474,16
5409,469,477,2
5410,469,554,1
5411,469,587,3
5412,469,603,3
5413,469,577,3
5414,469,489,3
5415,469,524,1
5416,469,572,1
5417,469,576,1
5418,469,476,1
5419,469,555,4
5420,469,597,1
5421,469,590,2
5422,469,488,1
5423,469,484,1
5424,469,479,2
5425,469,510,1
5426,469,596,1
5427,469,552,1
5428,469,520,1
5429,470,477,106
5430,470,474,499
5431,470,599,1
5432,470,476,1
5433,470,492,22
5434,470,600,1
5435,470,578,1
5436,470,521,1
5437,471,560,1
5438,472,598,1
5439,473,490,1
5440,473,514,1
5441,473,480,1
5442,473,610,1
5443,474,492,23
5444,474,476,586
5445,474,566,1
5446,474,599,16
5447,474,480,172
5448,474,489,9
5449,474,602,2
5450,474,490,1
5451,474,494,1
5452,474,479,12
5453,474,477,11
5454,474,541,1
5455,474,482,1
5456,474,486,10
5457,474,603,13
5458,474,587,4
5459,474,597,6
5460,474,609,1
5461,474,607,1
5462,474,590,6
5463,474,606,22
5464,474,517,2
5465,474,547,1
5466,474,567,2
5467,474,580,5
5468,474,571,1
5469,474,514,8
5470,474,546,1
5471,474,504,1
5472,474,527,2
5473,474,555,9
5474,474,500,2
5475,474,509,4
5476,474,552,6
5477,474,577,2
5478,474,608,4
5479,474,575,1
5480,474,560,4
5481,474,483,3
5482,474,591,1
5483,474,510,3
5484,474,585,1
5485,474,493,1
5486,474,563,1
5487,474,531,1
5488,474,605,1
5489,474,488,2
5490,474,600,6
5491,474,610,4
5492,474,511,1
5493,474,523,1
5494,474,525,1
5495,475,610,2
5496,475,599,1
5497,476,477,707
5498,476,509,2
5499,476,480,269
5500,476,498,1
5501,476,600,1
5502,476,501,1
5503,477,483,707
5504,477,544,106
5505,477,597,2
5506,477,570,1
5507,477,524,1
5508,477,591,1
5509,477,514,2
5510,477,610,4
5511,477,481,1
5512,477,480,2
5513,477,600,2
5514,477,606,2
5515,477,527,1
5516,477,590,1
5517,477,555,1
5518,477,479,1
5519,477,603,1
5520,477,506,1
5521,477,599,3
5522,477,580,1
5523,477,509,1
5524,477,586,1
5525,478,599,1
5526,478,483,1
5527,479,508,1
5528,479,480,3
5529,479,606,1
5530,479,605,1
5531,479,597,1
5532,479,555,2
5533,479,484,1
5534,479,514,1
5535,479,489,1
5536,479,608,3
5537,479,495,1
5538,479,590,2
5539,479,561,1
5540,479,603,1
5541,479,599,1
5542,479,600,1
5543,480,522,270
5544,480,509,272
5545,480,485,13
5546,480,501,160
5547,480,603,2
5548,480,588,2
5549,480,536,1
5550,480,493,38
5551,480,559,1
5552,480,531,1
5553,480,590,2
5554,480,580,1
5555,480,484,4
5556,480,610,4
5557,480,555,1
5558,480,489,2
5559,480,517,2
5560,480,562,1
5561,480,599,7
5562,480,597,1
5563,480,558,2
5564,480,606,3
5565,480,600,4
5566,480,608,1
5567,480,483,3
5568,480,510,1
5569,480,495,1
5570,480,542,2
5571,480,487,1
5572,480,490,1
5573,480,605,2
5574,480,496,1
5575,480,482,1
5576,481,577,1
5577,481,597,2
5578,481,599,1
5579,481,555,1
5580,481,572,1
5581,482,510,1
5582,482,560,2
5583,482,590,1
5584,482,605,2
5585,483,527,390
5586,483,521,106
5587,483,492,317
5588,483,599,3
5589,483,600,2
5590,483,524,1
5591,483,566,1
5592,483,559,1
5593,483,560,2
5594,483,525,3
5595,483,570,1
5596,483,555,1
5597,483,590,2
5598,483,572,1
5599,483,516,1
5600,483,552,2
5601,483,603,1
5602,483,597,1
5603,483,489,3
5604,483,531,1
5605,483,608,1
5606,483,564,1
5607,483,487,2
5608,483,491,1
5609,483,488,1
5610,483,583,1
5611,483,496,1
5612,483,509,3
5613,483,605,1
5614,484,534,1
5615,484,587,1
5616,484,599,3
5617,484,510,1
5618,484,610,1
5619,484,506,1
5620,484,596,1
5621,484,590,1
5622,485,486,13
5623,485,524,1
5624,485,500,1
5625,485,536,1
5626,486,501,13
5627,486,555,10
5628,487,600,1
5629,487,596,1
5630,487,525,2
5631,487,520,1
5632,487,561,1
5633,488,571,1
5634,489,590,7
5635,489,498,23
5636,489,552,1
5637,489,599,10
5638,489,603,4
5639,489,500,1
5640,489,497,1
5641,489,510,1
5642,489,600,2
5643,489,490,3
5644,489,563,1
5645,489,610,1
5646,489,606,4
5647,489,561,2
5648,489,517,1
5649,489,567,1
5650,489,509,1
5651,489,525,1
5652,489,605,1
5653,490,603,1
5654,490,525,1
5655,490,517,1
5656,490,610,1
5657,490,567,1
5658,490,590,2
5659,490,561,1
5660,490,526,1
5661,490,599,1
5662,490,563,1
5663,490,514,1
5664,490,560,1
5665,490,539,1
5666,490,522,1
5667,490,564,1
5668,491,514,1
5669,491,551,1
5670,491,519,1
5671,491,610,1
5672,492,594,122
5673,492,544,1
5674,492,500,317
5675,492,599,1
5676,492,559,2
5677,492,501,34
5678,492,521,2
5679,492,513,11
5680,492,603,1
5681,493,521,36
5682,493,603,3
5683,493,571,1
5684,493,599,1
5685,494,520,1
5686,495,561,1
5687,495,517,1
5688,495,534,2
5689,495,525,1
5690,495,593,1
5691,495,606,1
5692,495,599,1
5693,495,583,1
5694,496,525,1
5695,496,552,1
5696,496,599,1
5697,496,514,2
5698,496,564,1
5699,496,534,1
5700,497,549,1
5701,497,599,1
5702,497,514,2
5703,498,559,1
5704,498,501,23
5705,500,504,317
5706,500,584,1
5707,500,572,2
5708,500,599,1
5709,500,576,1
5710,500,603,2
5711,500,509,1
5712,500,552,1
5713,500,607,1
5714,501,520,13
5715,501,524,1
5716,501,592,11
5717,501,521,23
5718,501,512,160
5719,501,541,23
5720,501,605,1
5721,501,579,1
5722,502,510,1
5723,503,603,1
5724,503,509,1
5725,503,606,1
5726,504,509,317
5727,504,600,1
5728,505,610,1
5729,506,525,2
5730,506,580,1
5731,506,509,3
5732,506,567,1
5733,506,605,2
5734,506,610,1
5735,506,563,1
5736,508,603,1
5737,509,513,269
5738,509,514,317
5739,509,534,3
5740,509,561,3
5741,509,522,1
5742,509,517,4
5743,509,524,1
5744,509,525,4
5745,509,593,1
5746,509,579,2
5747,509,591,1
5748,509,599,5
5749,509,596,1
5750,509,610,2
5751,509,563,1
5752,509,510,1
5753,509,608,1
5754,509,560,5
5755,509,605,1
5756,509,582,1
5757,509,511,1
5758,509,590,1
5759,509,567,1
5760,510,597,1
5761,510,566,1
5762,510,532,1
5763,510,603,1
5764,510,531,1
5765,510,555,1
5766,510,599,1
5767,510,586,1
5768,511,526,1
5769,512,517,160
5770,513,555,269
5771,513,521,11
5772,514,517,318
5773,514,555,2
5774,514,530,4
5775,514,600,1
5776,514,599,6
5777,514,608,1
5778,514,571,1
5779,514,551,4
5780,514,537,1
5781,514,590,2
5782,514,606,1
5783,514,596,2
5784,514,567,2
5785,514,525,2
5786,514,610,1
5787,515,599,1
5788,516,599,1
5789,517,524,317
5790,517,589,1
5791,517,599,2
5792,517,580,2
5793,517,600,2
5794,517,525,2
5795,517,608,2
5796,517,528,2
5797,517,579,1
5798,517,567,3
5799,517,603,1
5800,517,560,1
5801,517,610,1
5802,517,561,1
5803,517,542,1
5804,517,593,1
5805,517,605,3
5806,519,525,1
5807,520,604,1
5808,520,524,13
5809,520,584,1
5810,520,587,1
5811,520,527,1
5812,520,561,1
5813,521,606,107
5814,521,561,22
5815,521,524,36
5816,521,608,1
5817,521,604,1
5818,522,529,269
5819,522,555,1
5820,522,541,1
5821,522,525,1
5822,522,599,1
5823,522,567,1
5824,522,534,1
5825,524,571,1
5826,524,525,317
5827,524,531,13
5828,524,552,1
5829,524,566,2
5830,524,561,36
5831,524,536,1
5832,524,599,2
5833,524,587,1
5834,525,534,318
5835,525,600,3
5836,525,567,3
5837,525,561,1
5838,525,603,1
5839,525,572,1
5840,525,562,1
5841,525,599,5
5842,525,596,1
5843,525,590,6
5844,525,580,1
5845,525,542,1
5846,525,606,3
5847,525,563,2
5848,525,610,1
5849,526,603,1
5850,526,560,1
5851,526,596,1
5852,527,559,390
5853,527,537,1
5854,527,608,1
5855,527,577,1
5856,527,600,1
5857,527,603,3
5858,527,590,1
5859,527,599,2
5860,528,599,1
5861,529,541,269
5862,530,597,1
5863,530,541,4
5864,531,534,13
5865,531,555,1
5866,532,602,1
5867,532,577,1
5868,532,599,1
5869,533,571,1
5870,534,550,317
5871,534,541,13
5872,534,567,5
5873,534,610,3
5874,534,573,1
5875,534,561,3
5876,534,583,1
5877,534,564,1
5878,534,599,1
5879,535,599,3
5880,535,554,2
5881,535,587,1
5882,535,603,1
5883,536,599,1
5884,536,600,1
5885,536,541,1
5886,536,565,1
5887,537,549,1
5888,537,599,1
5889,539,555,1
5890,541,544,269
5891,541,569,13
5892,541,555,1
5893,541,566,23
5894,541,599,2
5895,541,584,1
5896,541,602,3
5897,541,559,2
5898,541,603,1
5899,541,580,1
5900,541,587,4
5901,542,580,1
5902,544,588,106
5903,544,560,269
5904,545,577,1
5905,546,554,1
5906,546,599,1
5907,547,603,3
5908,547,599,1
5909,549,567,2
5910,550,555,317
5911,551,605,1
5912,551,601,1
5913,551,610,1
5914,551,564,1
5915,551,561,1
5916,552,555,2
5917,552,602,1
5918,552,600,1
5919,552,599,6
5920,552,590,2
5921,552,603,1
5922,552,591,1
5923,553,599,1
5924,554,607,1
5925,554,555,2
5926,554,600,1
5927,554,575,1
5928,554,603,1
5929,554,591,1
5930,555,566,279
5931,555,561,317
5932,555,609,1
5933,555,597,3
5934,555,600,2
5935,555,571,4
5936,555,589,1
5937,555,559,1
5938,555,608,3
5939,555,599,11
5940,555,590,2
5941,555,572,1
5942,555,603,9
5943,555,593,1
5944,555,596,1
5945,555,606,3
5946,555,587,1
5947,555,580,1
5948,555,577,2
5949,555,570,1
5950,555,579,1
5951,555,607,1
5952,556,563,1
5953,556,586,1
5954,558,599,1
5955,558,610,1
5956,559,561,390
5957,559,566,1
5958,559,608,1
5959,559,592,1
5960,560,580,271
5961,560,606,8
5962,560,600,1
5963,560,610,4
5964,560,599,4
5965,560,590,1
5966,560,561,1
5967,560,567,1
5968,561,566,390
5969,561,570,317
5970,561,604,22
5971,561,577,36
5972,561,599,5
5973,561,610,2
5974,561,596,3
5975,561,567,3
5976,561,606,1
5977,561,586,1
5978,561,593,1
5979,561,590,2
5980,561,564,1
5981,562,583,1
5982,562,603,1
5983,562,610,1
5984,563,573,1
5985,563,564,1
5986,563,583,2
5987,564,610,1
5988,564,601,1
5989,564,598,1
5990,564,567,2
5991,564,583,1
5992,565,577,1
5993,566,586,390
5994,566,570,269
5995,566,588,1
5996,566,592,1
5997,566,587,10
5998,567,599,7
5999,567,610,2
6000,567,596,4
6001,568,588,1
6002,569,608,13
6003,570,604,269
6004,570,572,317
6005,570,588,1
6006,570,580,1
6007,571,604,1
6008,571,577,1
6009,571,599,2
6010,571,608,1
6011,572,579,318
6012,572,589,1
6013,572,603,2
6014,572,590,1
6015,572,599,1
6016,572,597,1
6017,573,577,1
6018,573,605,1
6019,573,599,1
6020,575,600,2
6021,575,597,2
6022,576,580,1
6023,577,580,37
6024,577,588,1
6025,577,599,3
6026,577,603,3
6027,577,600,2
6028,577,597,1
6029,578,606,1
6030,579,590,318
6031,579,599,1
6032,579,591,2
6033,579,608,1
6034,580,599,275
6035,580,603,36
6036,580,584,1
6037,580,608,2
6038,580,600,1
6039,580,606,1
6040,580,596,1
6041,580,605,1
6042,580,590,1
6043,582,610,1
6044,582,596,1
6045,583,610,1
6046,583,603,1
6047,584,600,1
6048,585,603,1
6049,586,592,390
6050,586,590,2
6051,586,599,1
6052,587,599,12
6053,587,590,2
6054,587,605,1
6055,587,603,1
6056,588,590,106
6057,588,592,1
6058,588,602,1
6059,588,603,1
6060,589,599,2
6061,590,596,318
6062,590,606,5
6063,590,597,3
6064,590,603,6
6065,590,599,14
6066,590,591,1
6067,590,610,6
6068,590,605,1
6069,591,600,2
6070,591,608,1
6071,592,594,390
6072,592,597,11
6073,593,596,1
6074,594,600,390
6075,594,604,1
6076,596,597,317
6077,596,608,2
6078,596,603,1
6079,596,606,1
6080,596,610,1
6081,596,600,2
6082,596,599,3
6083,597,601,317
6084,597,603,14
6085,597,602,13
6086,597,599,7
6087,597,600,2
6088,597,606,2
6089,597,608,2
6090,599,604,270
6091,599,602,16
6092,599,605,6
6093,599,610,14
6094,599,600,16
6095,599,606,2
6096,599,608,16
6097,599,603,16
6098,599,601,1
6099,600,602,390
6100,600,608,6
6101,600,606,5
6102,600,603,7
6103,600,607,2
6104,600,605,2
6105,601,603,317
6106,602,603,3
6107,602,604,11
6108,602,608,1
6109,602,607,1
6110,603,605,318
6111,603,606,16
6112,603,607,2
6113,603,608,3
6114,603,609,1
6115,603,610,3
6116,604,609,269
6117,604,606,270
6118,604,610,1
6119,605,607,317
6120,605,608,1
6121,606,609,1
6122,606,610,1
6123,608,609,14
6124,608,610,2
